-- --------------------------------------------------------
-- Host:                         127.0.0.1
-- Server version:               8.0.32 - MySQL Community Server - GPL
-- Server OS:                    Win64
-- HeidiSQL Version:             12.0.0.6468
-- --------------------------------------------------------

/*!40101 SET @OLD_CHARACTER_SET_CLIENT=@@CHARACTER_SET_CLIENT */;
/*!40101 SET NAMES utf8 */;
/*!50503 SET NAMES utf8mb4 */;
/*!40103 SET @OLD_TIME_ZONE=@@TIME_ZONE */;
/*!40103 SET TIME_ZONE='+00:00' */;
/*!40014 SET @OLD_FOREIGN_KEY_CHECKS=@@FOREIGN_KEY_CHECKS, FOREIGN_KEY_CHECKS=0 */;
/*!40101 SET @OLD_SQL_MODE=@@SQL_MODE, SQL_MODE='NO_AUTO_VALUE_ON_ZERO' */;
/*!40111 SET @OLD_SQL_NOTES=@@SQL_NOTES, SQL_NOTES=0 */;


-- Dumping database structure for chanaka80_ceonline
CREATE DATABASE IF NOT EXISTS `chanaka80_ceonline` /*!40100 DEFAULT CHARACTER SET utf8mb3 */ /*!80016 DEFAULT ENCRYPTION='N' */;
USE `chanaka80_ceonline`;

-- Dumping structure for table chanaka80_ceonline.admin
CREATE TABLE IF NOT EXISTS `admin` (
  `email` varchar(100) NOT NULL,
  `fname` varchar(25) NOT NULL,
  `lname` varchar(25) NOT NULL,
  `verification_code` varchar(30) DEFAULT NULL,
  PRIMARY KEY (`email`)
) ENGINE=InnoDB DEFAULT CHARSET=utf8mb3;

-- Dumping data for table chanaka80_ceonline.admin: ~2 rows (approximately)
REPLACE INTO `admin` (`email`, `fname`, `lname`, `verification_code`) VALUES
	('chanakaelectro@gmail.com', 'Chanaka', 'Electronics', '66e54cc5eed9d'),
	('tharinduchanaka6@gmail.com', 'Tharindu', 'Chanaka', '66ed2704de08f');

-- Dumping structure for table chanaka80_ceonline.cart
CREATE TABLE IF NOT EXISTS `cart` (
  `id` int NOT NULL AUTO_INCREMENT,
  `qty` int NOT NULL,
  `user_email` varchar(100) NOT NULL,
  `product_id` int NOT NULL,
  PRIMARY KEY (`id`),
  KEY `fk_cart_user1_idx` (`user_email`),
  KEY `fk_cart_product1_idx` (`product_id`),
  CONSTRAINT `fk_cart_product1` FOREIGN KEY (`product_id`) REFERENCES `product` (`id`),
  CONSTRAINT `fk_cart_user1` FOREIGN KEY (`user_email`) REFERENCES `user` (`email`)
) ENGINE=InnoDB AUTO_INCREMENT=32 DEFAULT CHARSET=utf8mb3;

-- Dumping data for table chanaka80_ceonline.cart: ~0 rows (approximately)

-- Dumping structure for table chanaka80_ceonline.category
CREATE TABLE IF NOT EXISTS `category` (
  `c_id` int NOT NULL AUTO_INCREMENT,
  `name` varchar(45) NOT NULL,
  `path` text CHARACTER SET utf8mb3 COLLATE utf8mb3_general_ci,
  PRIMARY KEY (`c_id`) USING BTREE
) ENGINE=InnoDB AUTO_INCREMENT=6 DEFAULT CHARSET=utf8mb3;

-- Dumping data for table chanaka80_ceonline.category: ~4 rows (approximately)
REPLACE INTO `category` (`c_id`, `name`, `path`) VALUES
	(1, 'Electronics', 'category/electronic.jpg'),
	(2, 'Electricals', 'category/electrical.jpg'),
	(3, 'Spare Parts', 'category/spareparts.png'),
	(4, 'Mobile Phone', 'category/MobilePhone.jpg');

-- Dumping structure for table chanaka80_ceonline.chat
CREATE TABLE IF NOT EXISTS `chat` (
  `chat_id` int NOT NULL AUTO_INCREMENT,
  `message` text NOT NULL,
  `datetime` datetime NOT NULL,
  `status` int NOT NULL,
  `toadmin` varchar(100) NOT NULL,
  `fromuser` varchar(100) NOT NULL,
  PRIMARY KEY (`chat_id`),
  KEY `fk_Chat_user1_idx` (`fromuser`),
  CONSTRAINT `fk_Chat_user1` FOREIGN KEY (`fromuser`) REFERENCES `user` (`email`)
) ENGINE=InnoDB AUTO_INCREMENT=21 DEFAULT CHARSET=utf8mb3;

-- Dumping data for table chanaka80_ceonline.chat: ~0 rows (approximately)

-- Dumping structure for table chanaka80_ceonline.chat2
CREATE TABLE IF NOT EXISTS `chat2` (
  `chat2_id` int NOT NULL AUTO_INCREMENT,
  `message` text NOT NULL,
  `datetime` datetime NOT NULL,
  `status` int NOT NULL,
  `Fromadmin` varchar(100) NOT NULL,
  `touser` varchar(100) NOT NULL,
  PRIMARY KEY (`chat2_id`),
  KEY `fk_chat2_user1_idx` (`touser`),
  CONSTRAINT `fk_chat2_user1` FOREIGN KEY (`touser`) REFERENCES `user` (`email`)
) ENGINE=InnoDB AUTO_INCREMENT=23 DEFAULT CHARSET=utf8mb3;

-- Dumping data for table chanaka80_ceonline.chat2: ~0 rows (approximately)

-- Dumping structure for table chanaka80_ceonline.city
CREATE TABLE IF NOT EXISTS `city` (
  `id` int NOT NULL AUTO_INCREMENT,
  `city_name` varchar(50) NOT NULL,
  `district_id` int NOT NULL,
  PRIMARY KEY (`id`),
  KEY `fk_city_district1_idx` (`district_id`),
  CONSTRAINT `fk_city_district1` FOREIGN KEY (`district_id`) REFERENCES `district` (`id`)
) ENGINE=InnoDB AUTO_INCREMENT=13 DEFAULT CHARSET=utf8mb3;

-- Dumping data for table chanaka80_ceonline.city: ~11 rows (approximately)
REPLACE INTO `city` (`id`, `city_name`, `district_id`) VALUES
	(1, 'Bandaraweala', 1),
	(2, 'Badulla', 1),
	(3, 'Bogahamadiththa', 1),
	(4, 'Haliela', 1),
	(5, 'Welimada', 1),
	(6, 'Koslanda', 1),
	(7, 'Nugegoda', 3),
	(8, 'Colombo', 3),
	(9, 'Pitakotte', 3),
	(10, 'Athurugiriya', 3),
	(11, 'Dompe', 3),
	(12, 'Kaluphana', 1);

-- Dumping structure for table chanaka80_ceonline.district
CREATE TABLE IF NOT EXISTS `district` (
  `id` int NOT NULL AUTO_INCREMENT,
  `district_name` varchar(45) NOT NULL,
  `province_id` int NOT NULL,
  PRIMARY KEY (`id`),
  KEY `fk_district_province1_idx` (`province_id`),
  CONSTRAINT `fk_district_province1` FOREIGN KEY (`province_id`) REFERENCES `province` (`id`)
) ENGINE=InnoDB AUTO_INCREMENT=9 DEFAULT CHARSET=utf8mb3;

-- Dumping data for table chanaka80_ceonline.district: ~8 rows (approximately)
REPLACE INTO `district` (`id`, `district_name`, `province_id`) VALUES
	(1, 'Badulla', 1),
	(2, 'Monaragala', 1),
	(3, 'Colombo', 2),
	(4, 'Gampaha', 2),
	(5, 'Kaluthara', 2),
	(6, 'Mathara', 4),
	(7, 'Galle', 4),
	(8, 'Mathale', 9);

-- Dumping structure for table chanaka80_ceonline.feedback
CREATE TABLE IF NOT EXISTS `feedback` (
  `feed_id` int NOT NULL AUTO_INCREMENT,
  `type` int NOT NULL DEFAULT '0',
  `feedback` text NOT NULL,
  `date` date NOT NULL,
  `product_id` int NOT NULL,
  `user_email` varchar(100) NOT NULL,
  `Feed_status` int NOT NULL,
  PRIMARY KEY (`feed_id`) USING BTREE,
  KEY `fk_feedback_product1_idx` (`product_id`),
  KEY `fk_feedback_user1_idx` (`user_email`),
  CONSTRAINT `fk_feedback_product1` FOREIGN KEY (`product_id`) REFERENCES `product` (`id`),
  CONSTRAINT `fk_feedback_user1` FOREIGN KEY (`user_email`) REFERENCES `user` (`email`)
) ENGINE=InnoDB AUTO_INCREMENT=24 DEFAULT CHARSET=utf8mb3;

-- Dumping data for table chanaka80_ceonline.feedback: ~0 rows (approximately)

-- Dumping structure for table chanaka80_ceonline.gender
CREATE TABLE IF NOT EXISTS `gender` (
  `id` int NOT NULL AUTO_INCREMENT,
  `gender_name` varchar(10) DEFAULT NULL,
  PRIMARY KEY (`id`)
) ENGINE=InnoDB AUTO_INCREMENT=4 DEFAULT CHARSET=utf8mb3;

-- Dumping data for table chanaka80_ceonline.gender: ~2 rows (approximately)
REPLACE INTO `gender` (`id`, `gender_name`) VALUES
	(1, 'Male'),
	(2, 'Female'),
	(3, 'Neutual');

-- Dumping structure for table chanaka80_ceonline.image
CREATE TABLE IF NOT EXISTS `image` (
  `img_id` int NOT NULL AUTO_INCREMENT,
  `code` varchar(150) NOT NULL,
  `product_id` int NOT NULL,
  PRIMARY KEY (`img_id`) USING BTREE,
  KEY `fk_image_product1_idx` (`product_id`),
  CONSTRAINT `fk_image_product1` FOREIGN KEY (`product_id`) REFERENCES `product` (`id`)
) ENGINE=InnoDB AUTO_INCREMENT=683 DEFAULT CHARSET=utf8mb3;

-- Dumping data for table chanaka80_ceonline.image: ~378 rows (approximately)
REPLACE INTO `image` (`img_id`, `code`, `product_id`) VALUES
	(133, 'category//Product//JOKADE Quick Charger Black 3A_0_66d5cd7ca02a6.jpeg', 11),
	(134, 'category//Product//JOKADE Quick Charger Black 3A_1_66d5cd7ca1490.jpeg', 11),
	(135, 'category//Product//JOKADE Quick Charger Black 3A_2_66d5cd7ca1ed3.jpeg', 11),
	(136, 'category//Product//7 Inch RearView Monitor_0_66d5ce1d9dc0b.jpeg', 12),
	(137, 'category//Product//7 Inch RearView Monitor_1_66d5ce1d9ea98.jpeg', 12),
	(138, 'category//Product//7 Inch RearView Monitor_2_66d5ce1d9f888.jpeg', 12),
	(139, 'category//Product//7 Inch RearView Monitor_3_66d5ce1da0798.jpeg', 12),
	(140, 'category//Product//7 Inch RearView Monitor_4_66d5ce1da1568.jpeg', 12),
	(141, 'category//Product//AHUJA Headband Microphones_0_66d5cea3ac61b.jpeg', 13),
	(142, 'category//Product//AHUJA Headband Microphones_1_66d5cea3ad30e.jpeg', 13),
	(143, 'category//Product//AHUJA Headband Microphones_2_66d5cea3ae113.jpeg', 13),
	(144, 'category//Product//AHUJA Headband Microphones_3_66d5cea3aea2c.jpeg', 13),
	(145, 'category//Product//AHUJA Headband Microphones_4_66d5cea3af7c4.jpeg', 13),
	(146, 'category//Product//AHUJA Headband Microphones_5_66d5cea3b0182.jpeg', 13),
	(147, 'category//Product//Car Rear View Camera_0_66d5cf375b959.jpeg', 14),
	(148, 'category//Product//Car Rear View Camera_1_66d5cf375c944.jpeg', 14),
	(149, 'category//Product//Car Rear View Camera_2_66d5cf375d343.jpeg', 14),
	(150, 'category//Product//Car Rear View Camera_3_66d5cf375e137.jpeg', 14),
	(151, 'category//Product//Car Rear View Camera_4_66d5cf375ead3.jpeg', 14),
	(152, 'category//Product//Car Rear View Camera_5_66d5cf375f80b.jpeg', 14),
	(153, 'category//Product//Digital Clamp Meter_0_66d5d098a6352.jpeg', 15),
	(154, 'category//Product//Digital Clamp Meter_1_66d5d098a718f.jpeg', 15),
	(155, 'category//Product//Digital Clamp Meter_2_66d5d098a7c87.jpeg', 15),
	(156, 'category//Product//Digital Clamp Meter_3_66d5d098a8985.jpeg', 15),
	(157, 'category//Product//Digital Clamp Meter_4_66d5d098a92ec.jpeg', 15),
	(158, 'category//Product//Digital Clamp Meter_5_66d5d098a9ffd.jpeg', 15),
	(159, 'category//Product//Digital Multimeter 830B_0_66d5d1255b3b2.jpeg', 16),
	(160, 'category//Product//Digital Multimeter 830B_1_66d5d1255bdfe.jpeg', 16),
	(161, 'category//Product//Digital Multimeter 830B_2_66d5d1255cba1.jpeg', 16),
	(162, 'category//Product//Digital Multimeter 830B_3_66d5d1255d626.jpeg', 16),
	(163, 'category//Product//Digital Multimeter 830B_4_66d5d1255e354.jpeg', 16),
	(164, 'category//Product//Digital Multimeter 830B_5_66d5d1255eca4.jpeg', 16),
	(165, 'category//Product//Digital Multimeter DT-9205E_0_66d5d18d0fc7b.jpeg', 17),
	(166, 'category//Product//Digital Multimeter DT-9205E_1_66d5d18d106b6.jpeg', 17),
	(167, 'category//Product//Digital Multimeter DT-9205E_2_66d5d18d116fa.jpeg', 17),
	(168, 'category//Product//Digital Multimeter DT-9205E_3_66d5d18d12172.jpeg', 17),
	(169, 'category//Product//Digital Multimeter DT-9205E_4_66d5d18d12f20.jpeg', 17),
	(170, 'category//Product//Digital Multimeter DT-700D_0_66d5d2019c7ad.jpeg', 18),
	(171, 'category//Product//Digital Multimeter DT-700D_1_66d5d2019d70b.jpeg', 18),
	(172, 'category//Product//Digital Multimeter DT-700D_2_66d5d2019e2e6.jpeg', 18),
	(173, 'category//Product//Digital Multimeter DT-700D_3_66d5d2019f070.jpeg', 18),
	(174, 'category//Product//Digital Multimeter DT-700D_4_66d5d2019fa05.jpeg', 18),
	(175, 'category//Product//Digital Multimeter MF47C_0_66d5d29b424cb.jpeg', 19),
	(176, 'category//Product//Digital Multimeter MF47C_1_66d5d29b43359.jpeg', 19),
	(177, 'category//Product//Digital Multimeter MF47C_2_66d5d29b43ddd.jpeg', 19),
	(178, 'category//Product//Digital Multimeter MF47C_3_66d5d29b44b9d.jpeg', 19),
	(179, 'category//Product//Digital Multimeter MF47C_4_66d5d29b4555c.jpeg', 19),
	(180, 'category//Product//Digital Multimeter MF47C_5_66d5d29b46413.jpeg', 19),
	(181, 'category//Product//Digital Multimeter DT9205A_0_66d5d389869e5.jpeg', 20),
	(182, 'category//Product//Digital Multimeter DT9205A_1_66d5d38987479.jpeg', 20),
	(183, 'category//Product//Digital Multimeter DT9205A_2_66d5d389882e5.jpeg', 20),
	(184, 'category//Product//Digital Multimeter DT9205A_3_66d5d38988c4b.jpeg', 20),
	(185, 'category//Product//Digital Multimeter DT9205A_4_66d5d389899a2.jpeg', 20),
	(186, 'category//Product//Digital Multimeter UT33 +B _0_66d5d3d91c66a.jpeg', 21),
	(187, 'category//Product//Digital Multimeter UT33 +B _1_66d5d3d91d508.jpeg', 21),
	(188, 'category//Product//Digital Multimeter UT33 +B _2_66d5d3d91dfb9.jpeg', 21),
	(189, 'category//Product//Digital Multimeter UT33 +B _3_66d5d3d91ed5c.jpeg', 21),
	(190, 'category//Product//Digital Multimeter UT33 +B _4_66d5d3d91f6e7.jpeg', 21),
	(191, 'category//Product//Digital Multimeter UT33 +B _5_66d5d3d920416.jpeg', 21),
	(192, 'category//Product//Free Power Professional Microphone_0_66d5d44638192.jpeg', 22),
	(193, 'category//Product//Free Power Professional Microphone_1_66d5d44638fb5.jpeg', 22),
	(194, 'category//Product//Free Power Professional Microphone_2_66d5d44639a08.jpeg', 22),
	(195, 'category//Product//Free Power Professional Microphone_3_66d5d4463a9c1.jpeg', 22),
	(196, 'category//Product//Free Power Professional Microphone_4_66d5d4463b30e.jpeg', 22),
	(197, 'category//Product//Green Laser Pointer YL 303_0_66d5d47f4dbf2.jpeg', 23),
	(198, 'category//Product//Green Laser Pointer YL 303_1_66d5d47f4ea20.jpeg', 23),
	(199, 'category//Product//Green Laser Pointer YL 303_2_66d5d47f4f7e7.jpeg', 23),
	(200, 'category//Product//Green Laser Pointer YL 303_3_66d5d47f504cc.jpeg', 23),
	(201, 'category//Product//Green Laser Pointer YL 303_4_66d5d47f511be.jpeg', 23),
	(202, 'category//Product//Green Laser Pointer YL 303_5_66d5d47f51e4f.jpeg', 23),
	(203, 'category//Product//KeyChain Light Rechargeable_0_66d5d4d48f584.jpeg', 24),
	(204, 'category//Product//KeyChain Light Rechargeable_1_66d5d4d490609.jpeg', 24),
	(205, 'category//Product//KeyChain Light Rechargeable_2_66d5d4d491495.jpeg', 24),
	(206, 'category//Product//KeyChain Light Rechargeable_3_66d5d4d491ece.jpeg', 24),
	(207, 'category//Product//KeyChain Light Rechargeable_4_66d5d4d492d76.jpeg', 24),
	(208, 'category//Product//Motorcycle Anti-Theft Device_0_66d5d520a6efa.jpeg', 25),
	(209, 'category//Product//Motorcycle Anti-Theft Device_1_66d5d520a78dc.jpeg', 25),
	(210, 'category//Product//Motorcycle Anti-Theft Device_2_66d5d520a86b9.jpeg', 25),
	(211, 'category//Product//Motorcycle Anti-Theft Device_3_66d5d520a90fe.jpeg', 25),
	(212, 'category//Product//Motorcycle Anti-Theft Device_4_66d5d520a9f29.jpeg', 25),
	(213, 'category//Product//Motorcycle Anti-Theft Device_5_66d5d520aa88f.jpeg', 25),
	(214, 'category//Product//Solar Pump JD 12V_0_66d5d56151e2a.jpeg', 26),
	(215, 'category//Product//Solar Pump JD 12V_1_66d5d56152cbb.jpeg', 26),
	(216, 'category//Product//Solar Pump JD 12V_2_66d5d56153725.jpeg', 26),
	(217, 'category//Product//Solar Pump JD 12V_3_66d5d56154671.jpeg', 26),
	(218, 'category//Product//Solar Pump JD 12V_4_66d5d56155056.jpeg', 26),
	(219, 'category//Product//Programmable Timer Din Rail_0_66d5d5dc45cb7.jpeg', 27),
	(220, 'category//Product//Programmable Timer Din Rail_1_66d5d5dc4675d.jpeg', 27),
	(221, 'category//Product//Programmable Timer Din Rail_2_66d5d5dc47515.jpeg', 27),
	(222, 'category//Product//Programmable Timer Din Rail_3_66d5d5dc47efe.jpeg', 27),
	(223, 'category//Product//Digital Multimeter UT 33+A_0_66d5d618ea33e.jpeg', 28),
	(224, 'category//Product//Digital Multimeter UT 33+A_1_66d5d618eb147.jpeg', 28),
	(225, 'category//Product//Digital Multimeter UT 33+A_2_66d5d618ebb5d.jpeg', 28),
	(226, 'category//Product//Digital Multimeter UT 33+A_3_66d5d618ec91f.jpeg', 28),
	(227, 'category//Product//Digital Multimeter UT 33+A_4_66d5d618ed363.jpeg', 28),
	(228, 'category//Product//Digital Multimeter UT 33+A_5_66d5d618ee0f2.jpeg', 28),
	(229, 'category//Product//JBL 68S Vocal Microphone_0_66d5d65c93fbb.jpeg', 29),
	(230, 'category//Product//JBL 68S Vocal Microphone_1_66d5d65c94f01.jpeg', 29),
	(231, 'category//Product//JBL 68S Vocal Microphone_2_66d5d65c959bf.jpeg', 29),
	(232, 'category//Product//JBL 68S Vocal Microphone_3_66d5d65c96956.jpeg', 29),
	(233, 'category//Product//JBL 68S Vocal Microphone_4_66d5d65c972e5.jpeg', 29),
	(234, 'category//Product//Wireless Earbud – Tallplus AirPro 2_0_66d5d6a438269.jpeg', 30),
	(235, 'category//Product//Wireless Earbud – Tallplus AirPro 2_1_66d5d6a438c80.jpeg', 30),
	(236, 'category//Product//Wireless Earbud – Tallplus AirPro 2_2_66d5d6a439c17.jpeg', 30),
	(237, 'category//Product//Wireless Earbud – Tallplus AirPro 2_3_66d5d6a43a6fb.jpeg', 30),
	(238, 'category//Product//Wireless Earbud – Tallplus AirPro 2_4_66d5d6a43b45b.jpeg', 30),
	(239, 'category//Product//Mini Flexible Waterproof Keyboard_0_66d6f5c7d5109.jpeg', 31),
	(240, 'category//Product//Mini Flexible Waterproof Keyboard_1_66d6f5c7d5d66.jpeg', 31),
	(241, 'category//Product//Mini Flexible Waterproof Keyboard_2_66d6f5c7d6be6.jpeg', 31),
	(242, 'category//Product//Mini Flexible Waterproof Keyboard_3_66d6f5c7d7471.jpeg', 31),
	(243, 'category//Product//Mini Flexible Waterproof Keyboard_4_66d6f5c7d8212.jpeg', 31),
	(244, 'category//Product//Mini Flexible Waterproof Keyboard_5_66d6f5c7d89d2.jpeg', 31),
	(245, 'category//Product//JOKADE JD014 wired headset_0_66d6f686cae3c.jpeg', 32),
	(246, 'category//Product//JOKADE JD014 wired headset_1_66d6f686cc766.jpeg', 32),
	(247, 'category//Product//JOKADE JD014 wired headset_2_66d6f686cd1d3.jpeg', 32),
	(248, 'category//Product//JOKADE JD014 wired headset_3_66d6f686cdf0e.jpeg', 32),
	(249, 'category//Product//JOKADE JD014 wired headset_4_66d6f686ceca5.jpeg', 32),
	(250, 'category//Product//JOKADE JD014 wired headset_5_66d6f686cf8ae.jpeg', 32),
	(251, 'category//Product//KSC-703 Wired Gaming Headset_0_66d6f73b8b625.jpeg', 33),
	(252, 'category//Product//KSC-703 Wired Gaming Headset_1_66d6f73b8c7ea.jpeg', 33),
	(253, 'category//Product//KSC-703 Wired Gaming Headset_2_66d6f73b8d174.jpeg', 33),
	(254, 'category//Product//KSC-703 Wired Gaming Headset_3_66d6f73b8de54.jpeg', 33),
	(255, 'category//Product//KSC-703 Wired Gaming Headset_4_66d6f73b8e74e.jpeg', 33),
	(256, 'category//Product//KSC-703 Wired Gaming Headset_5_66d6f73b8f453.jpeg', 33),
	(257, 'category//Product//On-Ear Headphone (ControlTalk Monster Beats)_0_66d6fa8e3b702.jpeg', 34),
	(258, 'category//Product//On-Ear Headphone (ControlTalk Monster Beats)_1_66d6fa8e3c69b.jpeg', 34),
	(259, 'category//Product//On-Ear Headphone (ControlTalk Monster Beats)_2_66d6fa8e3d484.jpeg', 34),
	(260, 'category//Product//On-Ear Headphone (ControlTalk Monster Beats)_3_66d6fa8e3ddc9.jpeg', 34),
	(261, 'category//Product//On-Ear Headphone (ControlTalk Monster Beats)_4_66d6fa8e3eaea.jpeg', 34),
	(262, 'category//Product//On-Ear Headphone (ControlTalk Monster Beats)_5_66d6fa8e3f74d.jpeg', 34),
	(263, 'category//Product//V380 Dual Lens PTZ Wi-Fi Camera_0_66d6fce5ae3f5.jpeg', 35),
	(264, 'category//Product//V380 Dual Lens PTZ Wi-Fi Camera_1_66d6fce5af1bc.jpeg', 35),
	(265, 'category//Product//V380 Dual Lens PTZ Wi-Fi Camera_2_66d6fce5afb61.jpeg', 35),
	(266, 'category//Product//V380 Dual Lens PTZ Wi-Fi Camera_3_66d6fce5b0919.jpeg', 35),
	(267, 'category//Product//V380 Dual Lens PTZ Wi-Fi Camera_4_66d6fce5b12ca.jpeg', 35),
	(268, 'category//Product//V380 Dual Lens PTZ Wi-Fi Camera_5_66d6fce5b2084.jpeg', 35),
	(269, 'category//Product//Fridge Guard Voltage Protection_0_66d72d7304e91.jpeg', 36),
	(270, 'category//Product//Fridge Guard Voltage Protection_1_66d72d730572e.jpeg', 36),
	(271, 'category//Product//Fridge Guard Voltage Protection_2_66d72d730644b.jpeg', 36),
	(272, 'category//Product//Fridge Guard Voltage Protection_3_66d72d7306c92.jpeg', 36),
	(273, 'category//Product//Fridge Guard Voltage Protection_4_66d72d730784e.jpeg', 36),
	(274, 'category//Product//Fridge Guard Voltage Protection_5_66d72d7307fff.jpeg', 36),
	(275, 'category//Product//Kaier Horn (Snail Shaped)_0_66d72e209f229.jpeg', 37),
	(276, 'category//Product//Kaier Horn (Snail Shaped)_1_66d72e209fc06.jpeg', 37),
	(277, 'category//Product//Kaier Horn (Snail Shaped)_2_66d72e20a09d7.jpeg', 37),
	(278, 'category//Product//Kaier Horn (Snail Shaped)_3_66d72e20a11fb.jpeg', 37),
	(279, 'category//Product//Kaier Horn (Snail Shaped)_4_66d72e20a1c03.jpeg', 37),
	(280, 'category//Product//Kenwood Rear view Camera _0_66d72ffa815eb.jpeg', 38),
	(281, 'category//Product//Kenwood Rear view Camera _1_66d72ffa81fc0.jpeg', 38),
	(282, 'category//Product//Kenwood Rear view Camera _2_66d72ffa82d9e.jpeg', 38),
	(283, 'category//Product//Kenwood Rear view Camera _3_66d72ffa836de.jpeg', 38),
	(284, 'category//Product//Kenwood Rear view Camera _4_66d72ffa84410.jpeg', 38),
	(285, 'category//Product//Kenwood Rear view Camera _5_66d72ffa84db3.jpeg', 38),
	(286, 'category//Product//KNStar Pocket Radio_0_66d730890d287.jpeg', 39),
	(287, 'category//Product//KNStar Pocket Radio_1_66d7308911543.jpeg', 39),
	(288, 'category//Product//KNStar Pocket Radio_2_66d7308911fdc.jpeg', 39),
	(289, 'category//Product//KNStar Pocket Radio_3_66d7308912d70.jpeg', 39),
	(290, 'category//Product//KNStar Pocket Radio_4_66d73089136f1.jpeg', 39),
	(291, 'category//Product//KNStar Pocket Radio_5_66d730891446c.jpeg', 39),
	(292, 'category//Product//Portable multi Radio 3 inche_0_66d730f4c27c4.jpeg', 40),
	(293, 'category//Product//Portable multi Radio 3 inche_1_66d730f4c387e.jpeg', 40),
	(294, 'category//Product//Portable multi Radio 3 inche_2_66d730f4c4288.jpeg', 40),
	(295, 'category//Product//Portable multi Radio 3 inche_3_66d730f4c58c4.jpeg', 40),
	(296, 'category//Product//Portable multi Radio 3 inche_4_66d730f4c6627.jpeg', 40),
	(297, 'category//Product//Portable multi Radio 3 inche_5_66d730f4c6f6c.jpeg', 40),
	(298, 'category//Product//NOVA Hair Dryer _0_66d7315aec7d1.jpeg', 41),
	(299, 'category//Product//NOVA Hair Dryer _1_66d7315aed2c2.jpeg', 41),
	(300, 'category//Product//NOVA Hair Dryer _2_66d7315aee164.jpeg', 41),
	(301, 'category//Product//NOVA Hair Dryer _3_66d7315aeead9.jpeg', 41),
	(302, 'category//Product//NOVA Hair Dryer _4_66d7315aef784.jpeg', 41),
	(303, 'category//Product//NOVA Hair Dryer _5_66d7315af049d.jpeg', 41),
	(304, 'category//Product//Smart Wi-fi Camera V380_0_66d7329b2a7a6.jpeg', 42),
	(305, 'category//Product//Smart Wi-fi Camera V380_1_66d7329b2b1b8.jpeg', 42),
	(306, 'category//Product//Smart Wi-fi Camera V380_2_66d7329b2c282.jpeg', 42),
	(307, 'category//Product//Smart Wi-fi Camera V380_3_66d7329b2cc2c.jpeg', 42),
	(308, 'category//Product//Smart Wi-fi Camera V380_4_66d7329b2d8bd.jpeg', 42),
	(309, 'category//Product//Timer Programmable _0_66d73309b4a3e.jpeg', 43),
	(310, 'category//Product//Timer Programmable _1_66d73309b5843.jpeg', 43),
	(311, 'category//Product//Timer Programmable _2_66d73309b655a.jpeg', 43),
	(312, 'category//Product//Timer Programmable _3_66d73309b6e96.jpeg', 43),
	(313, 'category//Product//Timer Programmable _4_66d73309b7b1e.jpeg', 43),
	(314, 'category//Product//Timer Programmable _5_66d73309b8553.jpeg', 43),
	(315, 'category//Product//TV Guard Power Protection_0_66d7336a3cacd.jpeg', 44),
	(316, 'category//Product//TV Guard Power Protection_1_66d7336a3d9b4.jpeg', 44),
	(317, 'category//Product//TV Guard Power Protection_2_66d7336a3e38e.jpeg', 44),
	(318, 'category//Product//TV Guard Power Protection_3_66d7336a3f104.jpeg', 44),
	(319, 'category//Product//TV Guard Power Protection_4_66d7336a3fa60.jpeg', 44),
	(320, 'category//Product//TV Guard Power Protection_5_66d7336a4071e.jpeg', 44),
	(321, 'category//Product//Wireless Earbud Black_0_66d733bd5e966.jpeg', 45),
	(322, 'category//Product//Wireless Earbud Black_1_66d733bd5f73e.jpeg', 45),
	(323, 'category//Product//Wireless Earbud Black_2_66d733bd60050.jpeg', 45),
	(324, 'category//Product//Wireless Earbud Black_3_66d733bd60cf7.jpeg', 45),
	(325, 'category//Product//Wireless Earbud Black_4_66d733bd61619.jpeg', 45),
	(326, 'category//Product//Wireless Earbud Black_5_66d733bd622ee.jpeg', 45),
	(327, 'category//Product//Car Charger RECRSI CAR-01_0_66d9f5ed15629.jpeg', 46),
	(328, 'category//Product//Car Charger RECRSI CAR-01_1_66d9f5ed16581.jpeg', 46),
	(329, 'category//Product//Car Charger RECRSI CAR-01_2_66d9f5ed16d28.jpeg', 46),
	(330, 'category//Product//Car Charger RECRSI CAR-01_3_66d9f5ed17831.jpeg', 46),
	(331, 'category//Product//Car Charger RECRSI CAR-01_4_66d9f5ed17fb4.jpeg', 46),
	(332, 'category//Product//Quick Charging RECRSI CH-47_0_66d9f778baefb.jpeg', 47),
	(333, 'category//Product//Quick Charging RECRSI CH-47_1_66d9f778bbc09.jpeg', 47),
	(334, 'category//Product//Quick Charging RECRSI CH-47_2_66d9f778bc772.jpeg', 47),
	(335, 'category//Product//Quick Charging RECRSI CH-47_3_66d9f778bd319.jpeg', 47),
	(336, 'category//Product//Quick Charging RECRSI CH-47_4_66d9f778bda6a.jpeg', 47),
	(337, 'category//Product//LCD USB Charger_0_66d9f8588aa05.jpeg', 48),
	(338, 'category//Product//LCD USB Charger_1_66d9f8588fe6d.jpeg', 48),
	(339, 'category//Product//LCD USB Charger_2_66d9f85890632.jpeg', 48),
	(340, 'category//Product//LCD USB Charger_3_66d9f858911b1.jpeg', 48),
	(341, 'category//Product//iPhone mobile charger 5W _0_66d9fb40ea977.jpeg', 49),
	(342, 'category//Product//iPhone mobile charger 5W _1_66d9fb40eead6.jpeg', 49),
	(343, 'category//Product//iPhone mobile charger 5W _2_66d9fb40ef3ce.jpeg', 49),
	(344, 'category//Product//iPhone mobile charger 5W _3_66d9fb40efff1.jpeg', 49),
	(345, 'category//Product//iPhone mobile charger 5W _4_66d9fb40f0762.jpeg', 49),
	(346, 'category//Product//Car Charger High Quality RECRSI_0_66d9fd1ba64c4.jpeg', 50),
	(347, 'category//Product//Car Charger High Quality RECRSI_1_66d9fd1ba6d9a.jpeg', 50),
	(348, 'category//Product//Car Charger High Quality RECRSI_2_66d9fd1ba79d8.jpeg', 50),
	(349, 'category//Product//Car Charger High Quality RECRSI_3_66d9fd1ba8136.jpeg', 50),
	(350, 'category//Product//Car Charger High Quality RECRSI_4_66d9fd1ba910a.jpeg', 50),
	(351, 'category//Product//Car Charger High Quality RECRSI_5_66d9fd1ba98b7.jpeg', 50),
	(352, 'category//Product//Xiaomi Fast Charger 27W_0_66d9fe93ba07a.jpeg', 51),
	(353, 'category//Product//Xiaomi Fast Charger 27W_1_66d9fe93bb2cc.jpeg', 51),
	(354, 'category//Product//Xiaomi Fast Charger 27W_2_66d9fe93bc332.jpeg', 51),
	(355, 'category//Product//Xiaomi Fast Charger 27W_3_66d9fe93bd80f.jpeg', 51),
	(356, 'category//Product//RECRSI 68W Fast Charger_0_66d9ff3bc9f4a.jpeg', 52),
	(357, 'category//Product//RECRSI 68W Fast Charger_1_66d9ff3bcac88.jpeg', 52),
	(358, 'category//Product//RECRSI 68W Fast Charger_2_66d9ff3bcb3e5.jpeg', 52),
	(359, 'category//Product//RECRSI 68W Fast Charger_3_66d9ff3bcbef4.jpeg', 52),
	(360, 'category//Product//RECRSI 68W Fast Charger_4_66d9ff3bcc60c.jpeg', 52),
	(361, 'category//Product//RECRSI 68W Fast Charger_5_66d9ff3bcd119.jpeg', 52),
	(362, 'category//Product//SAMSUNG Turbo Charger Adapter_0_66da014803fa4.jpeg', 53),
	(363, 'category//Product//SAMSUNG Turbo Charger Adapter_1_66da014804ca2.jpeg', 53),
	(364, 'category//Product//SAMSUNG Turbo Charger Adapter_2_66da0148057d5.jpeg', 53),
	(365, 'category//Product//SAMSUNG Turbo Charger Adapter_3_66da0148062e4.jpeg', 53),
	(366, 'category//Product//SAMSUNG Turbo Charger Adapter_4_66da0148069e8.jpeg', 53),
	(367, 'category//Product//Bluetooth Speaker Mini Wireless Speaker_0_66db4f700bf65.jpeg', 54),
	(368, 'category//Product//Bluetooth Speaker Mini Wireless Speaker_1_66db4f700cb78.jpeg', 54),
	(369, 'category//Product//Bluetooth Speaker Mini Wireless Speaker_2_66db4f700d6c2.jpeg', 54),
	(370, 'category//Product//Bluetooth Speaker Mini Wireless Speaker_3_66db4f700de58.jpeg', 54),
	(371, 'category//Product//Bluetooth Speaker Mini Wireless Speaker_4_66db4f700e94c.jpeg', 54),
	(372, 'category//Product//Bluetooth Speaker Mini Wireless Speaker_5_66db4f700f09b.jpeg', 54),
	(373, 'category//Product//Digital LED Alarm Clock_0_66db50f3383f7.jpeg', 55),
	(374, 'category//Product//Digital LED Alarm Clock_1_66db50f339456.jpeg', 55),
	(375, 'category//Product//Digital LED Alarm Clock_2_66db50f339ea5.jpeg', 55),
	(376, 'category//Product//Digital LED Alarm Clock_3_66db50f33bdda.jpeg', 55),
	(377, 'category//Product//Digital LED Alarm Clock_4_66db50f33c69c.jpeg', 55),
	(378, 'category//Product//Digital LED Alarm Clock_5_66db50f33d2e0.jpeg', 55),
	(385, 'category//Product//Rechargeable Hair & Beard Trimmer_0_66db538873e9f.jpeg', 57),
	(386, 'category//Product//Rechargeable Hair & Beard Trimmer_1_66db53887497d.jpeg', 57),
	(387, 'category//Product//Rechargeable Hair & Beard Trimmer_2_66db5388756fb.jpeg', 57),
	(388, 'category//Product//Rechargeable Hair & Beard Trimmer_3_66db538876091.jpeg', 57),
	(389, 'category//Product//Rechargeable Hair & Beard Trimmer_4_66db538876d74.jpeg', 57),
	(390, 'category//Product//Rechargeable Hair & Beard Trimmer_5_66db538877a65.jpeg', 57),
	(391, 'category//Product//HERIOS Universal Foam Cleaner_0_66db555dd4749.jpeg', 58),
	(392, 'category//Product//HERIOS Universal Foam Cleaner_1_66db555dd54cb.jpeg', 58),
	(393, 'category//Product//HERIOS Universal Foam Cleaner_2_66db555dd5d61.jpeg', 58),
	(394, 'category//Product//HERIOS Universal Foam Cleaner_3_66db555dd6ac1.jpeg', 58),
	(395, 'category//Product//HERIOS Universal Foam Cleaner_4_66db555dd734e.jpeg', 58),
	(396, 'category//Product//Contact Cleaner RL530_0_66db58f5460fa.jpeg', 59),
	(397, 'category//Product//Contact Cleaner RL530_1_66db58f546f5a.jpeg', 59),
	(398, 'category//Product//Contact Cleaner RL530_2_66db58f5478c2.jpeg', 59),
	(399, 'category//Product//Contact Cleaner RL530_3_66db58f548526.jpeg', 59),
	(400, 'category//Product//Contact Cleaner RL530_4_66db58f548e38.jpeg', 59),
	(401, 'category//Product//Solar Monitoring Lamp_0_66db5a97676ff.jpeg', 60),
	(402, 'category//Product//Solar Monitoring Lamp_1_66db5a9768114.jpeg', 60),
	(403, 'category//Product//Solar Monitoring Lamp_2_66db5a9768da0.jpeg', 60),
	(404, 'category//Product//Solar Monitoring Lamp_3_66db5a976960f.jpeg', 60),
	(405, 'category//Product//Solar Monitoring Lamp_4_66db5a976a30d.jpeg', 60),
	(406, 'category//Product//Solar Monitoring Lamp_5_66db5a976af6f.jpeg', 60),
	(407, 'category//Product//Solar Sensor wall light_0_66db5cd09107f.jpeg', 61),
	(408, 'category//Product//Solar Sensor wall light_1_66db5cd091e31.jpeg', 61),
	(409, 'category//Product//Solar Sensor wall light_2_66db5cd09272a.jpeg', 61),
	(410, 'category//Product//Solar Sensor wall light_3_66db5cd093335.jpeg', 61),
	(411, 'category//Product//Solar Sensor wall light_4_66db5cd093bc3.jpeg', 61),
	(412, 'category//Product//Solar Sensor Wall Light CL 2566_0_66db5e6ea0a96.jpeg', 62),
	(413, 'category//Product//Solar Sensor Wall Light CL 2566_1_66db5e6ea1874.jpeg', 62),
	(414, 'category//Product//Solar Sensor Wall Light CL 2566_2_66db5e6ea2845.jpeg', 62),
	(415, 'category//Product//Solar Sensor Wall Light CL 2566_3_66db5e6ea313e.jpeg', 62),
	(416, 'category//Product//Solar Sensor Wall Light CL 2566_4_66db5e6ea3d84.jpeg', 62),
	(417, 'category//Product//HTC Wired Hair Clipper_0_66db614a1bf04.jpeg', 63),
	(418, 'category//Product//HTC Wired Hair Clipper_1_66db614a1c9a6.jpeg', 63),
	(419, 'category//Product//HTC Wired Hair Clipper_2_66db614a1d6d2.jpeg', 63),
	(420, 'category//Product//HTC Wired Hair Clipper_3_66db614a1df70.jpeg', 63),
	(421, 'category//Product//HTC Wired Hair Clipper_4_66db614a1ebbd.jpeg', 63),
	(422, 'category//Product//HTC Wired Hair Clipper_5_66db614a1f4e7.jpeg', 63),
	(423, 'category//Product//Apple AirPods Pro Wireless Earbuds_0_66db63ad392c6.jpeg', 64),
	(424, 'category//Product//Apple AirPods Pro Wireless Earbuds_1_66db63ad39cb0.jpeg', 64),
	(425, 'category//Product//Apple AirPods Pro Wireless Earbuds_2_66db63ad3a98b.jpeg', 64),
	(426, 'category//Product//Apple AirPods Pro Wireless Earbuds_3_66db63ad3b24e.jpeg', 64),
	(427, 'category//Product//Apple AirPods Pro Wireless Earbuds_4_66db63ad3bef5.jpeg', 64),
	(428, 'category//Product//Apple AirPods Pro Wireless Earbuds_5_66db63ad3c77d.jpeg', 64),
	(429, 'category//Product//WD 40 Multi Use Spray 400 ML_0_66dc94db835c0.jpeg', 65),
	(430, 'category//Product//WD 40 Multi Use Spray 400 ML_1_66dc94db84362.jpeg', 65),
	(431, 'category//Product//WD 40 Multi Use Spray 400 ML_2_66dc94db84f63.jpeg', 65),
	(432, 'category//Product//WD 40 Multi Use Spray 400 ML_3_66dc94db85a5e.jpeg', 65),
	(433, 'category//Product//Geemy GM 769 Trimmer_0_66dc97ba7e42a.jpeg', 66),
	(434, 'category//Product//Geemy GM 769 Trimmer_1_66dc97ba7f0b6.jpeg', 66),
	(435, 'category//Product//Geemy GM 769 Trimmer_2_66dc97ba7f88a.jpeg', 66),
	(436, 'category//Product//Geemy GM 769 Trimmer_3_66dc97ba803df.jpeg', 66),
	(437, 'category//Product//Geemy GM 769 Trimmer_4_66dc97ba80a96.jpeg', 66),
	(438, 'category//Product//Geemy GM 769 Trimmer_5_66dc97ba8154e.jpeg', 66),
	(439, 'category//Product//Gemei 7 In 1 Rechargeable Trimmer_0_66dc9aa539e12.jpeg', 67),
	(440, 'category//Product//Gemei 7 In 1 Rechargeable Trimmer_1_66dc9aa53ab47.jpeg', 67),
	(441, 'category//Product//Gemei 7 In 1 Rechargeable Trimmer_2_66dc9aa53b822.jpeg', 67),
	(442, 'category//Product//Gemei 7 In 1 Rechargeable Trimmer_3_66dc9aa53c035.jpeg', 67),
	(443, 'category//Product//Gemei 7 In 1 Rechargeable Trimmer_4_66dc9aa53cd2e.jpeg', 67),
	(444, 'category//Product//Gemei 7 In 1 Rechargeable Trimmer_5_66dc9aa53d5ad.jpeg', 67),
	(445, 'category//Product//Geemy Gm-6055 Rechargeable Trimmer_0_66dc9d78906b4.jpeg', 68),
	(446, 'category//Product//Geemy Gm-6055 Rechargeable Trimmer_1_66dc9d789166b.jpeg', 68),
	(447, 'category//Product//Geemy Gm-6055 Rechargeable Trimmer_2_66dc9d7891fb6.jpeg', 68),
	(448, 'category//Product//Geemy Gm-6055 Rechargeable Trimmer_3_66dc9d7892cda.jpeg', 68),
	(449, 'category//Product//Geemy Gm-6055 Rechargeable Trimmer_4_66dc9d78935a1.jpeg', 68),
	(450, 'category//Product//Geemy Gm-6055 Rechargeable Trimmer_5_66dc9d789424b.jpeg', 68),
	(451, 'category//Product//Geemy Gm-2995 Hair Straightener_0_66dca0ecbffad.jpeg', 69),
	(452, 'category//Product//Geemy Gm-2995 Hair Straightener_1_66dca0ecc3a34.jpeg', 69),
	(453, 'category//Product//Geemy Gm-2995 Hair Straightener_2_66dca0ecc483b.jpeg', 69),
	(454, 'category//Product//Geemy Gm-2995 Hair Straightener_3_66dca0ecc6540.jpeg', 69),
	(455, 'category//Product//Geemy Gm-2995 Hair Straightener_4_66dca0ecc71df.jpeg', 69),
	(456, 'category//Product//Kisonli K100 Computer Speaker System_0_66dca328f0c4c.jpeg', 70),
	(457, 'category//Product//Kisonli K100 Computer Speaker System_1_66dca32900241.jpeg', 70),
	(458, 'category//Product//Kisonli K100 Computer Speaker System_2_66dca32900f6b.jpeg', 70),
	(459, 'category//Product//Kisonli K100 Computer Speaker System_3_66dca32901865.jpeg', 70),
	(460, 'category//Product//Kisonli K100 Computer Speaker System_4_66dca329024db.jpeg', 70),
	(461, 'category//Product//Kisonli K100 Computer Speaker System_5_66dca32902e83.jpeg', 70),
	(462, 'category//Product//Laser Pointer Green Light_0_66dca5fbe4b60.jpeg', 71),
	(463, 'category//Product//Laser Pointer Green Light_1_66dca5fbe5901.jpeg', 71),
	(464, 'category//Product//Laser Pointer Green Light_2_66dca5fbe65ae.jpeg', 71),
	(465, 'category//Product//Laser Pointer Green Light_3_66dca5fbee66e.jpeg', 71),
	(466, 'category//Product//Laser Pointer Green Light_4_66dca5fbef14c.jpeg', 71),
	(467, 'category//Product//Wireless 3 Inches Speaker KTS-1720_0_66dca8d708744.jpeg', 72),
	(468, 'category//Product//Wireless 3 Inches Speaker KTS-1720_1_66dca8d70951a.jpeg', 72),
	(469, 'category//Product//Wireless 3 Inches Speaker KTS-1720_2_66dca8d709e97.jpeg', 72),
	(470, 'category//Product//Wireless 3 Inches Speaker KTS-1720_3_66dca8d70ad57.jpeg', 72),
	(471, 'category//Product//Wireless 3 Inches Speaker KTS-1720_4_66dca8d70b5c7.jpeg', 72),
	(472, 'category//Product//2Pcs Car Universal Fog Light_0_66dcad7929e56.jpeg', 73),
	(473, 'category//Product//2Pcs Car Universal Fog Light_1_66dcad792adb0.jpeg', 73),
	(474, 'category//Product//2Pcs Car Universal Fog Light_2_66dcad792bb52.jpeg', 73),
	(475, 'category//Product//2Pcs Car Universal Fog Light_3_66dcad792c4bf.jpeg', 73),
	(476, 'category//Product//2Pcs Car Universal Fog Light_4_66dcad792d1a2.jpeg', 73),
	(477, 'category//Product//3inch Led Round Fog Light_0_66dcaf419cac9.jpeg', 74),
	(478, 'category//Product//3inch Led Round Fog Light_1_66dcaf419d5dd.jpeg', 74),
	(479, 'category//Product//3inch Led Round Fog Light_2_66dcaf419e4d5.jpeg', 74),
	(480, 'category//Product//3inch Led Round Fog Light_3_66dcaf419f21b.jpeg', 74),
	(481, 'category//Product//3inch Led Round Fog Light_4_66dcaf419fc14.jpeg', 74),
	(482, 'category//Product//Universal TV Wall Mount for 14-42 Inches_0_66dcb207befea.jpeg', 75),
	(483, 'category//Product//Universal TV Wall Mount for 14-42 Inches_1_66dcb207bffaf.jpeg', 75),
	(484, 'category//Product//Universal TV Wall Mount for 14-42 Inches_2_66dcb207c0876.jpeg', 75),
	(485, 'category//Product//Universal TV Wall Mount for 14-42 Inches_3_66dcb207c1588.jpeg', 75),
	(486, 'category//Product//Universal TV Wall Mount for 14-42 Inches_4_66dcb207c1e5e.jpeg', 75),
	(487, 'category//Product//2 in 1 EXcellent Quick Charger_0_66dcb5e842720.jpeg', 76),
	(488, 'category//Product//2 in 1 EXcellent Quick Charger_1_66dcb5e843721.jpeg', 76),
	(489, 'category//Product//2 in 1 EXcellent Quick Charger_2_66dcb5e844112.jpeg', 76),
	(490, 'category//Product//Fast Charger with Cable 18W_0_66dcb6fd351a7.jpeg', 77),
	(491, 'category//Product//Fast Charger with Cable 18W_1_66dcb6fd35b8b.jpeg', 77),
	(492, 'category//Product//Fast Charger with Cable 18W_2_66dcb6fd368d6.jpeg', 77),
	(493, 'category//Product//V20 PRO Wireless Earbuds_0_66dd1b4572253.jpeg', 78),
	(494, 'category//Product//V20 PRO Wireless Earbuds_1_66dd1b457339d.jpeg', 78),
	(495, 'category//Product//V20 PRO Wireless Earbuds_2_66dd1b4573ba0.jpeg', 78),
	(496, 'category//Product//V20 PRO Wireless Earbuds_3_66dd1b4574869.jpeg', 78),
	(497, 'category//Product//V20 PRO Wireless Earbuds_4_66dd1b457509d.jpeg', 78),
	(498, 'category//Product//V20 PRO Wireless Earbuds_5_66dd1b4575c1e.jpeg', 78),
	(505, 'category//Product//Single Wireless Microphone 3.5mm_0_66dd1fb76942d.jpeg', 79),
	(506, 'category//Product//Single Wireless Microphone 3.5mm_1_66dd1fb76d0ca.jpeg', 79),
	(507, 'category//Product//Single Wireless Microphone 3.5mm_2_66dd1fb76e149.jpeg', 79),
	(508, 'category//Product//Single Wireless Microphone 3.5mm_3_66dd1fb76eadf.jpeg', 79),
	(509, 'category//Product//Single Wireless Microphone 3.5mm_4_66dd1fb76f7f8.jpeg', 79),
	(510, 'category//Product//Single Wireless Microphone 3.5mm_5_66dd1fb7700f2.jpeg', 79),
	(511, 'category//Product//Bluetooth Smart Glasses Headphones_0_66dd2a1909f49.jpeg', 80),
	(512, 'category//Product//Bluetooth Smart Glasses Headphones_1_66dd2a190acb9.jpeg', 80),
	(513, 'category//Product//Bluetooth Smart Glasses Headphones_2_66dd2a190b461.jpeg', 80),
	(514, 'category//Product//Bluetooth Smart Glasses Headphones_3_66dd2a190bff3.jpeg', 80),
	(515, 'category//Product//Bluetooth Smart Glasses Headphones_4_66dd2a190c7a4.jpeg', 80),
	(516, 'category//Product//Bluetooth Smart Glasses Headphones_5_66dd2a190d34d.jpeg', 80),
	(517, 'category//Product//Smartwatch Tallplus SW-03_0_66dd30a3c7bfd.jpeg', 81),
	(518, 'category//Product//Smartwatch Tallplus SW-03_1_66dd30a3c892e.jpeg', 81),
	(519, 'category//Product//Smartwatch Tallplus SW-03_2_66dd30a3c95a0.jpeg', 81),
	(520, 'category//Product//Smartwatch Tallplus SW-03_3_66dd30a3ca18b.jpeg', 81),
	(521, 'category//Product//Smartwatch Tallplus SW-03_4_66dd30a3ca97c.jpeg', 81),
	(522, 'category//Product//Gaming mouse SP-D04_0_66dd34ddbf994.jpeg', 82),
	(523, 'category//Product//Gaming mouse SP-D04_1_66dd34ddc1050.jpeg', 82),
	(524, 'category//Product//Gaming mouse SP-D04_2_66dd34ddc1e10.jpeg', 82),
	(525, 'category//Product//Gaming mouse SP-D04_3_66dd34ddc2e6f.jpeg', 82),
	(526, 'category//Product//Gaming mouse SP-D04_4_66dd34ddc3b5c.jpeg', 82),
	(527, 'category//Product//Mini Rechargeable Fan YM-88155A _0_66dd604c137ad.jpeg', 83),
	(528, 'category//Product//Mini Rechargeable Fan YM-88155A _1_66dd604c143b5.jpeg', 83),
	(529, 'category//Product//Mini Rechargeable Fan YM-88155A _2_66dd604c14f5e.jpeg', 83),
	(530, 'category//Product//Mini Rechargeable Fan YM-88155A _3_66dd604c15830.jpeg', 83),
	(531, 'category//Product//Mini Rechargeable Fan YM-88155A _4_66dd604c16438.jpeg', 83),
	(532, 'category//Product//Rack Charger 5.1A _0_66dd647fc89d2.jpeg', 84),
	(533, 'category//Product//Rack Charger 5.1A _1_66dd647fc91d5.jpeg', 84),
	(534, 'category//Product//Rack Charger 5.1A _2_66dd647fc9f40.jpeg', 84),
	(535, 'category//Product//Rack Charger 5.1A _3_66dd647fca6a8.jpeg', 84),
	(536, 'category//Product//Rack Charger 5.1A _4_66dd647fcb1b1.jpeg', 84),
	(537, 'category//Product//Wireless Bluetooth Earbuds RE-S909_0_66dd68cfce571.jpeg', 85),
	(538, 'category//Product//Wireless Bluetooth Earbuds RE-S909_1_66dd68cfcf2b2.jpeg', 85),
	(539, 'category//Product//Wireless Bluetooth Earbuds RE-S909_2_66dd68cfcfb73.jpeg', 85),
	(540, 'category//Product//Wireless Bluetooth Earbuds RE-S909_3_66dd68cfd06d1.jpeg', 85),
	(541, 'category//Product//Wireless Bluetooth Earbuds RE-S909_4_66dd68cfd0de6.jpeg', 85),
	(542, 'category//Product//Wired Mouse (Business Use) RECRSI_0_66dd73fb60bb8.jpeg', 86),
	(543, 'category//Product//Wired Mouse (Business Use) RECRSI_1_66dd73fb61880.jpeg', 86),
	(544, 'category//Product//Wired Mouse (Business Use) RECRSI_2_66dd73fb624d9.jpeg', 86),
	(545, 'category//Product//Wired Mouse (Business Use) RECRSI_3_66dd73fb630d1.jpeg', 86),
	(546, 'category//Product//Wired Mouse (Business Use) RECRSI_4_66dd73fb638dd.jpeg', 86),
	(547, 'category//Product//Gemei Rechargeable Trimmer GM 3107 _0_66de602a1c512.jpeg', 87),
	(548, 'category//Product//Gemei Rechargeable Trimmer GM 3107 _1_66de602a1d16e.jpeg', 87),
	(549, 'category//Product//Gemei Rechargeable Trimmer GM 3107 _2_66de602a1dcd5.jpeg', 87),
	(550, 'category//Product//Gemei Rechargeable Trimmer GM 3107 _3_66de602a1e3d9.jpeg', 87),
	(551, 'category//Product//Gemei Rechargeable Trimmer GM 3107 _4_66de602a1f77c.jpeg', 87),
	(552, 'category//Product//Gemei Rechargeable Trimmer GM 3107 _5_66de602a2045d.jpeg', 87),
	(553, 'category//Product//Fast Charger with USB to Type C Cable_0_66de64176f4a1.jpeg', 88),
	(554, 'category//Product//Fast Charger with USB to Type C Cable_1_66de6417701fd.jpeg', 88),
	(555, 'category//Product//Fast Charger with USB to Type C Cable_2_66de641770970.jpeg', 88),
	(556, 'category//Product//Fast Charger with USB to Type C Cable_3_66de641771448.jpeg', 88),
	(557, 'category//Product//Fast Charger with USB to Type C Cable_4_66de641771f7c.jpeg', 88),
	(558, 'category//Product//Power Bank 2000mah Maphie_0_66de669f7974b.jpeg', 89),
	(559, 'category//Product//Power Bank 2000mah Maphie_1_66de669f7a455.jpeg', 89),
	(560, 'category//Product//Power Bank 2000mah Maphie_2_66de669f7abc4.jpeg', 89),
	(561, 'category//Product//Power Bank 2000mah Maphie_3_66de669f7b6f1.jpeg', 89),
	(562, 'category//Product//Power Bank 2000mah Maphie_4_66de669f7bde8.jpeg', 89),
	(563, 'category//Product//Data Cable CB-09 _0_66de69d220af7.jpeg', 90),
	(564, 'category//Product//Data Cable CB-09 _1_66de69d2217ae.jpeg', 90),
	(565, 'category//Product//Data Cable CB-09 _2_66de69d221f20.jpeg', 90),
	(566, 'category//Product//Data Cable CB-09 _3_66de69d222a32.jpeg', 90),
	(567, 'category//Product//Data Cable CB-09 _4_66de69d2231a0.jpeg', 90),
	(568, 'category//Product//Data Cable CB-09 _5_66de69d223d76.jpeg', 90),
	(569, 'category//Product//Bluetooth Speaker KTS-1762_0_66de8a263e46d.jpeg', 91),
	(570, 'category//Product//Bluetooth Speaker KTS-1762_1_66de8a263fc4b.jpeg', 91),
	(571, 'category//Product//Bluetooth Speaker KTS-1762_2_66de8a264059c.jpeg', 91),
	(572, 'category//Product//Bluetooth Speaker KTS-1762_3_66de8a264123e.jpeg', 91),
	(573, 'category//Product//Bluetooth Speaker KTS-1762_4_66de8a2641b57.jpeg', 91),
	(574, 'category//Product//Bluetooth Speaker KTS-1762_5_66de8a2642874.jpeg', 91),
	(575, 'category//Product//LED Driver Controller HUIDU W2_0_66de8be244c4c.jpeg', 92),
	(576, 'category//Product//LED Driver Controller HUIDU W2_1_66de8be245bbb.jpeg', 92),
	(577, 'category//Product//LED Driver Controller HUIDU W2_2_66de8be246586.jpeg', 92),
	(578, 'category//Product//LED Driver Controller HUIDU W2_3_66de8be247255.jpeg', 92),
	(579, 'category//Product//LED Driver Controller HUIDU W2_4_66de8be247b3e.jpeg', 92),
	(580, 'category//Product//DEN-B DVD Player_0_66ded9a56aedf.jpeg', 93),
	(581, 'category//Product//DEN-B DVD Player_1_66ded9a56be47.jpeg', 93),
	(582, 'category//Product//DEN-B DVD Player_2_66ded9a56c7b7.jpeg', 93),
	(583, 'category//Product//DEN-B DVD Player_3_66ded9a56d508.jpeg', 93),
	(584, 'category//Product//DEN-B DVD Player_4_66ded9a56e182.jpeg', 93),
	(585, 'category//Product//Gemei Hair Dryer 1800W_0_66dedc0c2792f.jpeg', 94),
	(586, 'category//Product//Gemei Hair Dryer 1800W_1_66dedc0c2881e.jpeg', 94),
	(587, 'category//Product//Gemei Hair Dryer 1800W_2_66dedc0c29213.jpeg', 94),
	(588, 'category//Product//Gemei Hair Dryer 1800W_3_66dedc0c29f2e.jpeg', 94),
	(589, 'category//Product//Gemei Hair Dryer 1800W_4_66dedc0c2a7d5.jpeg', 94),
	(590, 'category//Product//Gemei Hair Dryer 1800W_5_66dedc0c2b4fc.jpeg', 94),
	(591, 'category//Product//Wireless BT Speaker KTS-1755_0_66dedecca32af.jpeg', 95),
	(592, 'category//Product//Wireless BT Speaker KTS-1755_1_66dedecca3cbd.jpeg', 95),
	(593, 'category//Product//Wireless BT Speaker KTS-1755_2_66dedecca49f3.jpeg', 95),
	(594, 'category//Product//Wireless BT Speaker KTS-1755_3_66dedecca52c9.jpeg', 95),
	(595, 'category//Product//Wireless BT Speaker KTS-1755_4_66dedecca5ff0.jpeg', 95),
	(596, 'category//Product//Wireless Portable Speaker KTS-1279_0_66dee2ad64823.jpeg', 96),
	(597, 'category//Product//Wireless Portable Speaker KTS-1279_1_66dee2ad65786.jpeg', 96),
	(598, 'category//Product//Wireless Portable Speaker KTS-1279_2_66dee2ad660db.jpeg', 96),
	(599, 'category//Product//Wireless Portable Speaker KTS-1279_3_66dee2ad66dfa.jpeg', 96),
	(600, 'category//Product//Wireless Portable Speaker KTS-1279_4_66dee2ad6775f.jpeg', 96),
	(601, 'category//Product//Galaxy A04e Black_0_66e55290668c3.jpeg', 97),
	(602, 'category//Product//Galaxy A04e Black_1_66e552906765c.jpeg', 97),
	(603, 'category//Product//Galaxy A04e Black_2_66e5529067ffb.jpeg', 97),
	(604, 'category//Product//Galaxy A04e Black_3_66e5529068d01.jpeg', 97),
	(605, 'category//Product//Galaxy A04e Black_4_66e55290695c6.jpeg', 97),
	(606, 'category//Product//Samsung Galaxy A05 6GB RAM 128GB Memory_0_66e5558e6c78c.jpeg', 98),
	(607, 'category//Product//Samsung Galaxy A05 6GB RAM 128GB Memory_1_66e5558e6d131.jpeg', 98),
	(608, 'category//Product//Samsung Galaxy A05 6GB RAM 128GB Memory_2_66e5558e6e10e.jpeg', 98),
	(609, 'category//Product//Samsung Galaxy A05 6GB RAM 128GB Memory_3_66e5558e6eaaf.jpeg', 98),
	(610, 'category//Product//Samsung Galaxy A05 6GB RAM 128GB Memory_4_66e5558e6f79b.jpeg', 98),
	(611, 'category//Product//SAMSUNG GALAXY A05 4GB RAM 64GB MEMORY_0_66e59dc79f289.jpeg', 99),
	(612, 'category//Product//SAMSUNG GALAXY A05 4GB RAM 64GB MEMORY_1_66e59dc79fe4c.jpeg', 99),
	(613, 'category//Product//SAMSUNG GALAXY A05 4GB RAM 64GB MEMORY_2_66e59dc7a0d4c.jpeg', 99),
	(614, 'category//Product//SAMSUNG GALAXY A05 4GB RAM 64GB MEMORY_3_66e59dc7a15e3.jpeg', 99),
	(615, 'category//Product//SAMSUNG GALAXY A05 4GB RAM 64GB MEMORY_4_66e59dc7a2218.jpeg', 99),
	(616, 'category//Product//Samsung Galaxy A06 4GB RAM 64GB Memory_0_66e5a01e8f0fc.jpeg', 100),
	(617, 'category//Product//Samsung Galaxy A06 4GB RAM 64GB Memory_1_66e5a01e8ff30.jpeg', 100),
	(618, 'category//Product//Samsung Galaxy A06 4GB RAM 64GB Memory_2_66e5a01e907a0.jpeg', 100),
	(619, 'category//Product//Samsung Galaxy A06 4GB RAM 64GB Memory_3_66e5a01e914ef.jpeg', 100),
	(620, 'category//Product//Samsung Galaxy A06 4GB RAM 64GB Memory_4_66e5a01e91d9b.jpeg', 100),
	(621, 'category//Product//Samsung Galaxy A06 6GB RAM 128GB Memory_0_66e5a0c9be6eb.jpeg', 101),
	(622, 'category//Product//Samsung Galaxy A06 6GB RAM 128GB Memory_1_66e5a0c9bf152.jpeg', 101),
	(623, 'category//Product//Samsung Galaxy A06 6GB RAM 128GB Memory_2_66e5a0c9c000a.jpeg', 101),
	(624, 'category//Product//Samsung Galaxy A06 6GB RAM 128GB Memory_3_66e5a0c9c099a.jpeg', 101),
	(625, 'category//Product//Samsung Galaxy A06 6GB RAM 128GB Memory_4_66e5a0c9c164d.jpeg', 101),
	(626, 'category//Product//Samsung Galaxy A05s 4GB RAM 64GB Memory_0_66e5a62306ae0.jpeg', 102),
	(627, 'category//Product//Samsung Galaxy A05s 4GB RAM 64GB Memory_1_66e5a6230764b.jpeg', 102),
	(628, 'category//Product//Samsung Galaxy A05s 4GB RAM 64GB Memory_2_66e5a62308532.jpeg', 102),
	(629, 'category//Product//Samsung Galaxy A05s 4GB RAM 64GB Memory_3_66e5a6230907d.jpeg', 102),
	(630, 'category//Product//Samsung Galaxy A05s 4GB RAM 64GB Memory_4_66e5a6230a6ca.jpeg', 102),
	(631, 'category//Product//Samsung Galaxy A05s 4GB RAM 64GB Memory_5_66e5a6230b2db.jpeg', 102),
	(632, 'category//Product//SAMSUNG Galaxy A05s 6 GB RAM 128 GB Memory_0_66e5af2e8035c.jpeg', 103),
	(633, 'category//Product//SAMSUNG Galaxy A05s 6 GB RAM 128 GB Memory_1_66e5af2e80fbd.jpeg', 103),
	(634, 'category//Product//SAMSUNG Galaxy A05s 6 GB RAM 128 GB Memory_2_66e5af2e81ec0.jpeg', 103),
	(635, 'category//Product//SAMSUNG Galaxy A05s 6 GB RAM 128 GB Memory_3_66e5af2e82a29.jpeg', 103),
	(636, 'category//Product//SAMSUNG Galaxy A05s 6 GB RAM 128 GB Memory_4_66e5af2e8374e.jpeg', 103),
	(637, 'category//Product//SAMSUNG Galaxy A05s 6 GB RAM 128 GB Memory_5_66e5af2e840b8.jpeg', 103),
	(638, 'category//Product//Wireless Collar Microphone K35_0_66e5b2931ed1f.jpeg', 104),
	(639, 'category//Product//Wireless Collar Microphone K35_1_66e5b2931fbdd.jpeg', 104),
	(640, 'category//Product//Wireless Collar Microphone K35_2_66e5b29320ad4.jpeg', 104),
	(641, 'category//Product//Wireless Collar Microphone K35_3_66e5b29321524.jpeg', 104),
	(642, 'category//Product//Wireless Collar Microphone K35_4_66e5b293222ba.jpeg', 104),
	(643, 'category//Product//Wireless Collar Microphone K35_5_66e5b29322cef.jpeg', 104),
	(644, 'category//Product//Fluke VT02 Visual IR Thermometer_0_66eadfae68b33.jpeg', 105),
	(645, 'category//Product//Fluke VT02 Visual IR Thermometer_1_66eadfae69814.jpeg', 105),
	(646, 'category//Product//Fluke VT02 Visual IR Thermometer_2_66eadfae69fd6.jpeg', 105),
	(647, 'category//Product//Fluke VT02 Visual IR Thermometer_3_66eadfae6ac01.jpeg', 105),
	(648, 'category//Product//Fluke VT02 Visual IR Thermometer_4_66eadfae6b317.jpeg', 105),
	(649, 'category//Product//Fluke VT02 Visual IR Thermometer_5_66eadfae6be09.jpeg', 105),
	(650, 'category//Product//Samsung Galaxy A15 5G_0_66eae276e1480.jpeg', 106),
	(651, 'category//Product//Samsung Galaxy A15 5G_1_66eae276e218c.jpeg', 106),
	(652, 'category//Product//Samsung Galaxy A15 5G_2_66eae276e2882.jpeg', 106),
	(653, 'category//Product//Samsung Galaxy A15 5G_3_66eae276e33b8.jpeg', 106),
	(654, 'category//Product//Samsung Galaxy A15 5G_4_66eae276e3b91.jpeg', 106),
	(655, 'category//Product//Samsung Galaxy A15 5G_5_66eae276e477e.jpeg', 106),
	(656, 'category//Product//Samsung Galaxy A15 4G 6GB RAM 128GB Memory_0_66eae57bece47.jpeg', 107),
	(657, 'category//Product//Samsung Galaxy A15 4G 6GB RAM 128GB Memory_1_66eae57bedbe2.jpeg', 107),
	(658, 'category//Product//Samsung Galaxy A15 4G 6GB RAM 128GB Memory_2_66eae57bee47c.jpeg', 107),
	(659, 'category//Product//Samsung Galaxy A15 4G 6GB RAM 128GB Memory_3_66eae57bef05d.jpeg', 107),
	(660, 'category//Product//Samsung Galaxy A15 4G 6GB RAM 128GB Memory_4_66eae57bef828.jpeg', 107),
	(661, 'category//Product//Samsung Galaxy A15 4G 6GB RAM 128GB Memory_5_66eae57bf035a.jpeg', 107),
	(662, 'category//Product//XIAOMI Redmi A3 3GB RAM 64GB Memory_0_66eaeeab6ee51.jpeg', 108),
	(663, 'category//Product//XIAOMI Redmi A3 3GB RAM 64GB Memory_1_66eaeeab6fab4.jpeg', 108),
	(664, 'category//Product//XIAOMI Redmi A3 3GB RAM 64GB Memory_2_66eaeeab70267.jpeg', 108),
	(665, 'category//Product//XIAOMI Redmi A3 3GB RAM 64GB Memory_3_66eaeeab70db2.jpeg', 108),
	(666, 'category//Product//XIAOMI Redmi A3 3GB RAM 64GB Memory_4_66eaeeab714ef.jpeg', 108),
	(667, 'category//Product//XIAOMI Redmi A3 3GB RAM 64GB Memory_5_66eaeeab72057.jpeg', 108),
	(668, 'category//Product//Xiaomi A3 4GB RAM 128GB Memory_0_66eaf3c3b25f6.jpeg', 109),
	(669, 'category//Product//Xiaomi A3 4GB RAM 128GB Memory_1_66eaf3c3b2ef5.jpeg', 109),
	(670, 'category//Product//Xiaomi A3 4GB RAM 128GB Memory_2_66eaf3c3b3ad4.jpeg', 109),
	(671, 'category//Product//Xiaomi A3 4GB RAM 128GB Memory_3_66eaf3c3b499b.jpeg', 109),
	(672, 'category//Product//Xiaomi A3 4GB RAM 128GB Memory_4_66eaf3c3b514c.jpeg', 109),
	(673, 'category//Product//Xiaomi Redmi 13C 4GB RAM 128GB Memory_0_66eaf65dda92c.jpeg', 110),
	(674, 'category//Product//Xiaomi Redmi 13C 4GB RAM 128GB Memory_1_66eaf65ddb205.jpeg', 110),
	(675, 'category//Product//Xiaomi Redmi 13C 4GB RAM 128GB Memory_2_66eaf65ddbe5a.jpeg', 110),
	(676, 'category//Product//Xiaomi Redmi 13C 4GB RAM 128GB Memory_3_66eaf65ddc62d.jpeg', 110),
	(677, 'category//Product//Xiaomi Redmi 13C 4GB RAM 128GB Memory_4_66eaf65ddd1d5.jpeg', 110),
	(678, 'category//Product//REDMI 13c 5G 6GB RAM 128GB Memory_0_66eb000b9e644.jpeg', 111),
	(679, 'category//Product//REDMI 13c 5G 6GB RAM 128GB Memory_1_66eb000b9eeee.jpeg', 111),
	(680, 'category//Product//REDMI 13c 5G 6GB RAM 128GB Memory_2_66eb000b9fac3.jpeg', 111),
	(681, 'category//Product//REDMI 13c 5G 6GB RAM 128GB Memory_3_66eb000ba01ec.jpeg', 111),
	(682, 'category//Product//REDMI 13c 5G 6GB RAM 128GB Memory_4_66eb000ba0e23.jpeg', 111);

-- Dumping structure for table chanaka80_ceonline.invoice
CREATE TABLE IF NOT EXISTS `invoice` (
  `id` int NOT NULL AUTO_INCREMENT,
  `order_id` varchar(45) NOT NULL,
  `date` date NOT NULL,
  `total` double NOT NULL,
  `d_status` int NOT NULL,
  `iqty` int DEFAULT NULL,
  `product_id` int NOT NULL,
  `user_email` varchar(100) NOT NULL,
  `remove_status` int NOT NULL,
  PRIMARY KEY (`id`),
  KEY `fk_invoice_product1_idx` (`product_id`),
  KEY `fk_invoice_user1_idx` (`user_email`),
  CONSTRAINT `fk_invoice_product1` FOREIGN KEY (`product_id`) REFERENCES `product` (`id`),
  CONSTRAINT `fk_invoice_user1` FOREIGN KEY (`user_email`) REFERENCES `user` (`email`)
) ENGINE=InnoDB AUTO_INCREMENT=24 DEFAULT CHARSET=utf8mb3;

-- Dumping data for table chanaka80_ceonline.invoice: ~0 rows (approximately)

-- Dumping structure for table chanaka80_ceonline.product
CREATE TABLE IF NOT EXISTS `product` (
  `id` int NOT NULL AUTO_INCREMENT,
  `price` double NOT NULL,
  `qty` int NOT NULL,
  `description` text NOT NULL,
  `title` varchar(100) NOT NULL,
  `datetime_added` datetime NOT NULL,
  `delivery_fee_colombo` double NOT NULL,
  `delivery_fee_other` double NOT NULL,
  `status_id` int NOT NULL,
  `category_id` int NOT NULL,
  `admin_email` varchar(100) NOT NULL,
  `supplier_id` int NOT NULL,
  PRIMARY KEY (`id`),
  KEY `fk_product_status1_idx` (`status_id`),
  KEY `fk_product_category1_idx` (`category_id`),
  KEY `fk_product_admin1_idx` (`admin_email`),
  KEY `fk_product_supplier1_idx` (`supplier_id`),
  CONSTRAINT `fk_product_admin1` FOREIGN KEY (`admin_email`) REFERENCES `admin` (`email`),
  CONSTRAINT `fk_product_category1` FOREIGN KEY (`category_id`) REFERENCES `category` (`c_id`),
  CONSTRAINT `fk_product_status1` FOREIGN KEY (`status_id`) REFERENCES `status` (`s_id`),
  CONSTRAINT `fk_product_supplier1` FOREIGN KEY (`supplier_id`) REFERENCES `supplier` (`id`)
) ENGINE=InnoDB AUTO_INCREMENT=112 DEFAULT CHARSET=utf8mb3;

-- Dumping data for table chanaka80_ceonline.product: ~72 rows (approximately)
REPLACE INTO `product` (`id`, `price`, `qty`, `description`, `title`, `datetime_added`, `delivery_fee_colombo`, `delivery_fee_other`, `status_id`, `category_id`, `admin_email`, `supplier_id`) VALUES
	(11, 800, 15, 'Quick Charger for MOB Devices <br/>\r\n100% original Product <br/>\r\nFully Compatible Fast Charger suit <br/>\r\nFire- Retardant PC engineering Plastics Material <br/>\r\n100V – 240V 50/60Hz Rated Input <br/>\r\n3.6V – 6V | 6V – 9V | 9V – 12V Rated Output Voltage <br/> \r\n3A, 2A, 1.5A Rated Output <br/>\r\nMade in Finland \r\n', 'JOKADE Quick Charger Black 3A', '2024-09-02 20:06:44', 300, 350, 1, 1, 'chanakaelectro@gmail.com', 1),
	(12, 6750, 3, 'Full HD 7 inch Display 16:9 ratio <br/>\r\nYou can download game through the internet into USB or TF Cards. <br/>\r\nAuto Play from the memory Cards <br/>\r\nTF and USB Card Reader and USB Functions <br/>\r\nCompatible with MP5/ MP4/ MP3 <br/>\r\nMultilingual Menu <br/> \r\nRemote Control <br/>\r\nAV input, which can be connected with Camera for driving back <br/>\r\nBuilt-in duel speakers with power magnifier, which support surround sound\r\n', '7 Inch RearView Monitor', '2024-09-02 20:09:25', 300, 400, 1, 1, 'chanakaelectro@gmail.com', 1),
	(13, 3200, 1, 'Ahuja HBM  - 60CC <br/>\r\nErgonomic design for comfortable and convenient use <br/>\r\nAllow hand-free use and reduces pickup of stray room noises <br/>\r\nSuitable for various wired application such as announcements, teaching, presentation, Religious Discourses etc.\r\n', 'AHUJA Headband Microphones', '2024-09-02 20:11:39', 300, 400, 1, 1, 'chanakaelectro@gmail.com', 1),
	(14, 8750, 10, 'Auto Water – Proof & Dust Proof Camera <br/>\r\nNight Vision Feature <br/>\r\nHigh Definition Quality Camera <br/>\r\nWide angle Camera <br/>\r\nModel 707-2CD <br/>\r\nMade in China\r\n', 'Car Rear View Camera', '2024-09-02 20:14:07', 300, 350, 1, 1, 'chanakaelectro@gmail.com', 1),
	(15, 3250, 10, 'Continuity Beeper <br/>\r\nData Hold Functions <br/>\r\nLightweight Small Digital Meter <br/>\r\nPower Sources: - UM-4 or AAA 1.5V battery x2 <br/>\r\nMade in China\r\n', 'Digital Clamp Meter', '2024-09-02 20:20:00', 300, 350, 1, 1, 'chanakaelectro@gmail.com', 1),
	(16, 2200, 10, 'It is applicable to students electrician, technician and also for household. <br/>\r\nSuper bright backlight display <br/>\r\nHigh quality lengthened soft test leads <br/>\r\nDigital Multi meter 830B Model <br/>\r\nTechnical Specification and User manual <br/>\r\nMade in China\r\n', 'Digital Multimeter 830B', '2024-09-02 20:22:21', 300, 350, 1, 1, 'chanakaelectro@gmail.com', 1),
	(17, 3750, 10, '1999 bit digit LCD display <br/>\r\nTest AC/DC Voltage, Current, Resistance and capacitance <br/>\r\nData retention/ Auto Power Off <br/>\r\nIntroduction electro probe function <br/>\r\nApplications range: Communication maintenance, electric equipment repair, Appliance repair, Home wiring project, Hobby Projects. <br/>\r\nVoltage Range: - AC 750V – DC 1000V <br/>\r\nCurrent Range: - AC 10A – DC 10A <br/>\r\nMade in China\r\n', 'Digital Multimeter DT-9205E', '2024-09-02 20:24:05', 300, 350, 1, 1, 'chanakaelectro@gmail.com', 1),
	(18, 2200, 10, 'AC Voltage: 200-750V <br/>\r\nDC Current: 2000u-20m-200m-10A <br/>\r\nDisplay Type: Digital Display <br/>\r\nMeasuring Resistance Range: 200-2000-20K-200K-2000KΩ <br/>\r\nDC Voltage: 200m-2000m-20-200-1000V <br/>\r\nIt is powered by 6F22 9V battery, which is easy to replace. <br/>\r\nLarge screen display, LCD display size: 62x34mm. <br/>\r\nWith low voltage symbol display, clear and intuitive. <br/>\r\nDisplay: 1999 counts, updates 2-3/sec <br/>\r\nMeasuring method: Dual slope integration A/D Converter <br/>\r\nOperating Environment: 0 to 40 Celsius <br/>\r\nPower: 9V Battery, NEDA 1604 or 6F22 Type (Included) <br/>\r\nFuse Protection: 200mA/250V <br/>\r\nMeasurement Range: 200VmV-600V +/- 0.5% +/- 2 digits <br/>\r\nOverload Protection: 250V rms <br/>\r\nPlace of Application: NPN PNP <br/>', 'Digital Multimeter DT-700D', '2024-09-02 20:26:01', 300, 350, 1, 1, 'chanakaelectro@gmail.com', 1),
	(19, 6500, 10, 'Product Name Analog Multi meter MF47C <br/>\r\nAC Voltage 10V,50V, 125V, 250V, 1000V <br/>\r\nDC Voltage 2.5V, 5V, 10V, 50V, 125V, 250V, 1000V <br/>\r\nAC,DC Current DC: 50uA, 5mA, 50mA, 500mA, 10A AC: 500mA, 10A <br/>\r\nResistance Rx1/Rx10/Rx100/Rx1k/Rx10k <br/>\r\nC(uF) cx10k/cx1k/cx100/cx10/cx1 <br/>\r\nMain Color Black <br/>\r\nMaterial Plastic <br/>\r\nTest Leads Total Length 88cm/ 34.6" <br/>\r\nTotal Weight 895g <br/>\r\n', 'Digital Multimeter MF47C', '2024-09-02 20:28:35', 300, 350, 1, 1, 'chanakaelectro@gmail.com', 1),
	(20, 3000, 10, 'DT9205A Digital Multimeter for automotive diagnostic and testing. <br/>\r\nAccurately measures voltage, current, resistance, and continuity. <br/>\r\nIdeal for automotive professionals and DIY enthusiasts. <br/>\r\nEasy to read LCD display with backlight. <br/>\r\nDurable and compact design for portability. <br/>\r\nPerfect for troubleshooting electrical systems in vehicles. <br/> \r\nLCD maximum display: 1999 bit automatic polarity display. <br/>\r\nMeasurement method: manual measurement. <br/>\r\nSampling speed About 3 times per second. <br/>\r\nOver range display: The highest position displays 1. <br/>\r\nWorking environment: 0-40 ℃, relative humidity less than 75% RH. <br/>\r\nPower supply: One 9V battery (NEDA1604/6F22 or equivalent model). <br/>\r\nInstrument size: 198 x 95 x 52mm. (length x width x height) <br/>\r\nWeight: Approximately 415g (including 9V battery and shock absorber). <br/>\r\n', 'Digital Multimeter DT9205A', '2024-09-02 20:32:33', 300, 350, 1, 1, 'chanakaelectro@gmail.com', 1),
	(21, 5500, 10, 'Manual Range AC DC 200mV 600V Voltage Meter DC 10A Current Tester<br/> \r\nThe new generation UT33+ series redefines the performance standards for introductory digital multimeters.  <br/>\r\nOur innovative industrial design makes sure that these products can withstand 2 meters drop. The new LCD display layout provides a better user experience. The UT33+ series safety standards have also been enhanced to ensure that users can work safely in CAT ll 600V environment. <br/>\r\nUT33B+ can test 1.5V/9V/12V battery conditions. <br/>\r\n', 'Digital Multimeter UT33 +B ', '2024-09-02 20:33:53', 300, 350, 1, 1, 'chanakaelectro@gmail.com', 1),
	(22, 4000, 5, 'Hi – fidelity <br/> Uni – directional <br/> Excellent Reproduction of voice and music professional microphone <br/>\r\nF – 2200 Professional microphone <br/>\r\n', 'Free Power Professional Microphone', '2024-09-02 20:35:42', 300, 350, 1, 1, 'chanakaelectro@gmail.com', 1),
	(23, 2200, 10, '100% Brand new <br/>\r\n4mW laser pointer green laser pen visible light beam powerful office school military laser point pen. <br/>\r\nHigh quality metal alloy casing, strong and durable, powered by two AAA batteries (not included). <br/>\r\nPower saving, lightweight, suitable for putting in your pocket or handbags. <br/>\r\nThis high quality pointer adopts the latest technology optics and microelectronics. <br/>\r\nThis laser pointer can be used for presentation, teaching indicator, children amusement and more. <br/>\r\nPoint at any desired targets, project screens, video monitors, presentations, stars, museum, tour guides and so on. <br/>', 'Green Laser Pointer YL 303', '2024-09-02 20:36:39', 300, 350, 1, 1, 'chanakaelectro@gmail.com', 1),
	(24, 850, 40, 'Bulb: 6W COB LED <br/>\r\nLevels: 4 levels: 60% strong light - 30% weak light - flash - any level long press to open 100% super bright mode  <br/>\r\nLumens: 200-800 lumens <br/>\r\nSwitch: side push switch <br/>\r\nBattery: Built-in 500mAh polymer lithium battery <br/>\r\nCharging method: Type-C USB charging <br/>\r\nDischarge time: 2-4 hours <br/>\r\nCharging time: 2 hours <br/>\r\n', 'KeyChain Light Rechargeable', '2024-09-02 20:38:04', 300, 350, 1, 1, 'chanakaelectro@gmail.com', 1),
	(25, 3600, 20, 'Working voltage: DC 12V <br/>\r\nStatic Current: 3.5 mA <br/>\r\nAlarm volume: about 125 db <br/>\r\nRemote distance: MAX80 meters in the open air <br/>\r\nRemote frequency: 315MHz <br/>\r\nThis electronic security system with remote controls can help your motorbike keep away from thieves. <br/>\r\nRemote Arming/Disarming <br/>\r\nRemote Engine Start: Keyless Entry <br/>\r\nAdjustable Shock Sensor, flashing lights warning <br/>\r\n4 buttons remote transmitters, compact and powerful 125db piezo siren <br/>\r\nSmart Alarm that Automatically Recognizes Vibration Frequency <br/>\r\nEmergency Alarm: Anti-Hijacking by Cutting Power Supply <br/>\r\nFit any motorcycle with 12V battery <br/>\r\n', 'Motorcycle Anti-Theft Device', '2024-09-02 20:39:20', 300, 350, 1, 1, 'chanakaelectro@gmail.com', 1),
	(26, 1500, 20, 'DC Solar Submersible Pump is Low power consumption, low noise, and stable long service life. <br/>\r\nAnd easy to disassemble and maintain.  <br/>\r\nSuitable for air cooler fan, Aquarium fish tank, mini fountains, craft machinery, cooling system etc.  <br/>\r\nPerformance due to excellent design. <br/>\r\nDC Powered, can be used in solar system, Bottom inlet design, maximum capacity\r\nIP68 Protection Level. <br/>\r\nPump Power 12v DC – 8 Watts <br/>\r\nMaximum Height 5 Meters <br/>\r\nWater Flow 10 Liter per Minute <br/>\r\nEnergy Saving and Ultra quiet <br/>\r\nABS Plastic Durable – Shell selected high quality materials <br/>\r\nAdvance Filling Plastic Sealed Water proof <br/>\r\nPump Fixing Ring – Solid Pump vibration, Noise reduction <br/>\r\n', 'Solar Pump JD 12V', '2024-09-02 20:40:25', 300, 350, 1, 2, 'chanakaelectro@gmail.com', 1),
	(27, 3000, 40, '1.6 inch big LCD display <br/>\r\nEasy to read. <br/>\r\nExcellent load capacity, 16amp@250vac. <br/>\r\nEasy to program time. <br/>\r\nColor: White <br/>\r\nMaterial: plastic <br/>\r\nThe TM618 timer MODULE can open or close kinds of electrical apparatus and power automatically, according to the present time, the items can be streetlight, neon light (sign), billboard, electrical appliances, broadcast equipment etc. And the digital timer switch is within rechargeable battery, in 1.2V/40Ma, high-accuracy CMOS chip, strongly anti-jamming, easy to use.\r\n', 'Programmable Timer Din Rail', '2024-09-02 20:42:28', 300, 350, 1, 2, 'chanakaelectro@gmail.com', 1),
	(28, 6500, 10, 'DIY Supplies: ELECTRICAL <br/>\r\nModel Number: UT33A+ <br/>\r\nAC Current: 10A <br/>\r\nMeasuring Resistance Range: 200Ω-200MΩ <br/>\r\nDC Current: 10A <br/>\r\nUNI-T UT33A+ Palm Size digital Multi meter With Capacitance/NCV/Diode test/Continuity buzzer <br/>\r\n', 'Digital Multimeter UT 33+A', '2024-09-02 20:43:28', 300, 350, 1, 1, 'chanakaelectro@gmail.com', 1),
	(29, 4100, 20, 'Effective anti-howling, anti-noise ability <br/>\r\nFrequency response between 70Hz and 16 kHz <br/>\r\nCompact size, suitable for any hand <br/>\r\nProfessional quality Microphone ideal for spoken word and karaoke performance <br/>\r\n', 'JBL 68S Vocal Microphone', '2024-09-02 20:44:36', 300, 350, 1, 1, 'chanakaelectro@gmail.com', 1),
	(30, 5000, 50, 'Touch Operation <br/>\r\nBilateral Headset Call <br/>\r\nWireless Version 5.3 <br>\r\nFunction: Buzzer +wireless charging <br/>\r\nWireless Transmission Distance 10M <br/>\r\nCharging box capacity: 240mAh <br/>\r\nWorking current: 18ma <br/>\r\nTall plus Air Pro 2 TWS Bluetooth Ear pod 5th Gen <br/>\r\nModel: air pro 2 <br/>\r\nWireless earbuds for audio on-the-go <br/>\r\nCompatible with most devices <br/>\r\nPerfect for TV, audio, video, gaming, and wearables <br/>', 'Wireless Earbud – Tallplus AirPro 2', '2024-09-02 20:45:48', 300, 350, 1, 1, 'chanakaelectro@gmail.com', 1),
	(31, 2000, 20, 'Usb port is available <br/>\r\nNo driver askedErgonomic design Plug and play<br/> \r\nLed indicator Caps lock <br/>\r\nWaterproof Bendable / rollable / bendable Elastic rubber <br/>\r\nBand Dimension: 345mm x 128mm <br/>\r\nJust install it directly with no driver. <br/>\r\nIt is suitable for cpu / pc, laptop, and other electronic devices. It can also be used for mobile phones / tablets with more otg cables.', 'Mini Flexible Waterproof Keyboard', '2024-09-03 17:10:55', 300, 350, 1, 1, 'tharinduchanaka6@gmail.com', 1),
	(32, 2150, 10, 'Material: ABS+PC+PU Horn diameter: 40mm <br/>\r\nFrequency response range: 20HZ-20khz Line length: 1.5 M <br/>\r\nMeter diameter: 6.0x2.2mm; Horn sensitivity :110±3dB; Single-button function button <br/>\r\nProduct size: 180x171x58MM <br/>\r\nPU leather earmuffs, comfortable to wear <br/>\r\nLightweight design, 3.5 Interface, computer, mobile phone and other players can be used <br/>\r\nTelescopic design, suitable for various head types <br/>', 'JOKADE JD014 wired headset', '2024-09-03 17:14:06', 300, 350, 1, 1, 'tharinduchanaka6@gmail.com', 1),
	(33, 2250, 15, '1. Functional single key control music playing + answering calls <br/>\r\n2. Simple design and beautiful appearance <br/>\r\n3. Fold and stretch for easy storage <br/>\r\n4. Soft ear cap for comfort <br/>\r\n5. Pack 72pcs one carton.Carton size:48.5x48x59.5cm', 'KSC-703 Wired Gaming Headset', '2024-09-03 17:17:07', 300, 350, 1, 1, 'tharinduchanaka6@gmail.com', 1),
	(34, 1150, 15, 'Monster Beats by Dr Dre Solo On-Ear Headphones with ControlTalk - Black 1 Monster Beats by Dr Dre Solo On-Ear Headphones with ControlTalk - Black 2 Monster Beats by Dr Dre Solo On-Ear Headphones with ControlTalk - Black 3 Listen to your music like never before with all the sonic details the artist wanted you to hear. The Solo deliver sound so real, you will be amazed it is all coming from something so compact and portable. <br/>\r\nMade from premium materials with a super-durable and flexible headband <br/>\r\nBuilt in microphone for hands-free calls <br/>\r\nControl your music with the built in remote <br/>\r\nFolding design makes carrying and storing headphones easy <br/>\r\nHigh performance, high quality sound <br/>\r\nEverything about this headphones screams premium, from the soft ear cups to the super-durable and flexible material used to make the headband. The construction used in the headband is that tough that is virtually unbreakable and will not crack under normal use. ', 'On-Ear Headphone (ControlTalk Monster Beats)', '2024-09-03 17:31:18', 300, 350, 1, 1, 'tharinduchanaka6@gmail.com', 1),
	(35, 8150, 5, 'The Top Features of the Sim Supported V380 Waterproof Wireless Dual Lens PTZ Camera <br/>\r\nThe Sim Supported V380 Waterproof Wireless Dual Lens PTZ Camera is a versatile security camera for both indoor and outdoor use. <br/>\r\nIt has a 1080p CMOS sensor for clear images, even in low-light. With a 350-degree pan and 90-degree tilt, it covers a wide area. <br/>\r\nNotably, it is SIM-supported and has two-way audio for communication.  <br/>\r\nIt can be remotely accessed for home or business surveillance. <br/>\r\nProduct Name: Wireless IP Camera <br/>\r\nMaterial: Main Body ABS Material <br/>\r\nWi-Fi Single: 2.4G Wi-Fi <br/>\r\nVideo Capture Resolution: 1080P (Full-HD) <br/>\r\nPixel: 200W  & Lens (mm): 3.6 mm <br/>\r\nStyle: Dome Camera <br/>\r\nConnectivity: IP/Network Wireless <br/>\r\nMinimum Illumination (Lux): 0.1 <br/>\r\nAlarm Action: Support & Video Compression Format: H.264 <br/>\r\nLens Angle: Smooth pan 350 degree and tilt 90 degree monitoring <br/>\r\nTechnology: Network IP Camera <br/>\r\nSupported Mobile Systems: For Android, IOS, and Laptop <br/>\r\nNetwork Interface: Wi-Fi/802.11/b/g <br/>\r\nNight Vision Function: Yes & Mobile Monitoring: Yes <br/>\r\nPower Supply: DC 12V 2A Power Supply <br/>\r\nSize: 15.5x9x9cm/ 6.1x3.54x3.54 inch', 'V380 Dual Lens PTZ Wi-Fi Camera', '2024-09-03 17:41:17', 300, 350, 1, 1, 'tharinduchanaka6@gmail.com', 1),
	(36, 3200, 30, 'Power protection against voltage fluctuations <br/>\r\nProtects from under voltage and power back surges <br/>\r\nProtects your Fridges, Freezers and Coolers <br/>\r\nAutomatically disconnects the power when it is bad and reconnects\r\nafter 1 ½   minutes when it is good <br/>\r\nEliminates the need to switch off appliances when the electricity fails <br/>\r\nCurrent rating – 13 Amps <br/>\r\nProtection – Under Voltage <br/>\r\nNominal voltage – 220/240V <br/>\r\nWait time – 120 secs <br/>\r\nDisconnect voltage – 185V <br/>\r\nReconnect voltage – 190V <br/>\r\nThese specifications are for a standard 220/240V unit <br/>\r\nOther specifications are available. Refer to your manual for details <br/>', 'Fridge Guard Voltage Protection', '2024-09-03 21:08:27', 300, 350, 1, 2, 'tharinduchanaka6@gmail.com', 1),
	(37, 2150, 20, 'Powerful 115dB Dual Tone <br/>\r\nQuality of security assurances <br/>\r\nDurable, reliable and anti-corrosion, <br/>\r\nAnti-dust and Moisture-proof <br/> \r\nTwo-Terminal <br/>\r\n12V Use Only <br/>\r\nHigh Tone – 510Hz <br/>\r\nLow Tone – 410Hz <br/>\r\nIIRBW Know-how in acoustic design <br/>\r\nPulsating air column creates soft, melodic two-tone sound with fan-like sound propagation <br/>\r\nHorn sound could continue 1 minute <br/>\r\nLong service life and reliable quality <br/>\r\nHigh quality diaphragms and contact points v Microporous Teflon filter for protection against dirt and humidity <br/>\r\nWeather-resistant materials, fully functionality even under harsh environment <br/>\r\nAnti-corrosion <br/>\r\nApproved quality <br/>\r\nOEM application <br/>\r\nSpecification surpass ECE and DIN Standards <br/>\r\nMini and fashion Design <br/>\r\nCompact design permits easy installation <br/>', 'Kaier Horn (Snail Shaped)', '2024-09-03 21:11:20', 300, 350, 1, 1, 'tharinduchanaka6@gmail.com', 1),
	(38, 3750, 10, 'Universal Rear View Camera <br/>                                                           \r\nIp rating Ip66 <br/>\r\nTV System PAL/NTSC <br/>\r\nResolution (TV Lines) 420 <br/>\r\nLens Angle (DIAGONAL): 1200 - 1700 <br/>\r\nPower Supply (DCV) 12V <br/>\r\nStorage Temperature (Deg.C): -20 ~ +60 (RH95%Max) <br/> \r\n', 'Kenwood Rear view Camera ', '2024-09-03 21:19:14', 300, 350, 1, 1, 'tharinduchanaka6@gmail.com', 1),
	(39, 3150, 20, 'World Receiver with High Sensitivity <br/>                                     \r\nAM/FM/SW-1 Radio <br/>\r\nHigh Sensitivity <br/>\r\n3600 and ultralong antenna <br/>\r\nAC:220V/50Hz <br/>\r\nBatteries not included <br/>\r\n', 'KNStar Pocket Radio', '2024-09-03 21:21:37', 300, 350, 1, 2, 'tharinduchanaka6@gmail.com', 1),
	(40, 2500, 15, 'HD Sound <br/>                                                                                                          \r\nWireless Technology <br/>\r\nUSB <br/>\r\nRechargeable Battery <br/>\r\nMicro SD Function <br/>\r\nFM Radio <br/>\r\nOPERATE GUIDE <br/>\r\nOFF/ON: To tum ON/OFF the speaker. <br/>\r\nDC 5V: Plug the Micro USB cable to the speaker and connect \r\nother end USB port to the power source. (DC 5V) <br/>\r\nUSB slot: Used to read the song files in FAT32 format with \r\nmaximum size of 32GB <br/>\r\nTF slot: Used to read the song files in FAT32 format \r\nwith maximum size of 32GB <br/>\r\nPlay/Pause: Under USB/TF/Smart mode, short press for play and pause; <br/>\r\nM:To change mode during USB/TF,Smart,FM mode <br/>\r\nPREV/VOL-: USB/TF/Wireless/FM mode:Swipe left to move previous FM channel track. <br/>\r\nSwipe left and long press to decrease the volume. <br/>\r\nNEXT/WOL+USB/TF/Smart/FM mode:Swipe right to move next FM channel track. <br/>\r\nSwipe right and long press to increase the volume. <br/>\r\nFM:FM radio mode<br/>\r\nSCAN:Search for radio stations <br/>\r\n', 'Portable multi Radio 3 inche', '2024-09-03 21:23:24', 300, 350, 1, 2, 'tharinduchanaka6@gmail.com', 1),
	(41, 3200, 20, 'Blow and Nourish 2500w Hair Dryer <br/>\r\nMaximum care and power <br/>\r\nHot and Cold Wind <br/>\r\n3 Heats/ 2Speeds for total control of heat and airflow <br/>\r\nHanging Loop for convenient storage <br/>\r\n2500W for quick drying <br/>\r\nModel: NV-7110 <br/>\r\nRate power: 2500W <br/>\r\nRate voltage: AC220V <br/>\r\nRate frequency: 50Hz <br/>\r\n', 'NOVA Hair Dryer ', '2024-09-03 21:25:06', 300, 350, 1, 2, 'tharinduchanaka6@gmail.com', 1),
	(42, 11750, 10, 'Easy to achieve real-time remote viewing <br/> \r\nWireless <br/>\r\nTwo-way Audio <br/>\r\nHuman Intrusion Detection <br/>\r\nCloud Storage <br/>\r\nDay/Night Vision <br/>\r\nModel: SC02-4MP-4G <br/>\r\nAPP: V380PRO <br/>\r\nPower: DC12V 2A <br/>\r\nStandard: 4G <br/> ', 'Smart Wi-fi Camera V380', '2024-09-03 21:30:27', 300, 350, 1, 1, 'tharinduchanaka6@gmail.com', 1),
	(43, 3750, 20, 'Advanced pre-setting one week before <br/>\r\nDigital electronic time switch with daily programs <br/>\r\nLithium battery power reserve <br/>\r\nAuto time error correction weekly<br/>\r\nVoltage rating: AC 220V 50/60Hz <br/>\r\nVoltage Limit: AC 180V-250V <br/>\r\nHysteresis: < 1 sec/day (250C) <br/>\r\nON/OFF Operation: 20 ON & 20 OFF <br/>\r\nPower consumption: 2VA (max) <br/>\r\nDisplay: LCD <br/>\r\nService life: Mechanical 107, Electrically 105 <br/>\r\nMinimum interval: 1 minute <br/>\r\nWeight: approx. 100g <br/>', 'Timer Programmable ', '2024-09-03 21:32:17', 300, 350, 1, 1, 'tharinduchanaka6@gmail.com', 1),
	(44, 2200, 30, 'Power protection against voltage fluctuations <br/>\r\nProtects from over voltage, power-back surges, surges & spikes <br/>\r\nProtects your Photocopies, FAX, LCD, TV & Video, HIFI, Laptops, Satellite Dishes, Mobile Phones, All Electronic Equipment <br/>\r\nAutomatically disconnects the power when it’s bad and Reconnects after 5 seconds when it’s good <br/>\r\nEliminates the need to switch off appliances when the electricity fals <br/>\r\nCurrent rating: 13 Amps <br/>\r\nProtection: Over-voltage, surges & spikes, power-back <br/>\r\nNominal voltage: 220/240V <br/>\r\nWait time: 5secs <br/>\r\nDisconnects voltage: 260V These specifications are for a standard 220/240V unit. <br/>\r\nOther specifications are available. Refer to your manual <br/>\r\n', 'TV Guard Power Protection', '2024-09-03 21:33:54', 300, 350, 1, 1, 'tharinduchanaka6@gmail.com', 1),
	(45, 3200, 20, 'True wireless earbuds connect fast <br/>\r\nNew generation of resist wind noise technology <br/> \r\nComfortable and stable ear wear <br/>\r\nSuper long standby time <br/>\r\n4 Hour continuous service <br/>\r\nCall time: 5 hours <br/>\r\nStand-by time: Up to 90 days <br/>\r\nCharging time: 1 hour <br/>\r\n', 'Wireless Earbud Black', '2024-09-03 21:35:17', 300, 350, 1, 1, 'tharinduchanaka6@gmail.com', 1),
	(46, 1050, 20, 'INPUT : DC12V - DC24V & Output : 2.1A <br/>\r\nUSB port : Dual & Micro USB Cable<br/>\r\nFast charging and highly durable <br/>\r\nLength - 2 meters', 'Car Charger RECRSI CAR-01', '2024-09-05 23:48:21', 300, 350, 1, 1, 'tharinduchanaka6@gmail.com', 1),
	(47, 1200, 15, 'Input Voltage: 100-240 V <br/>\r\nOutput Voltage: (5 .0V – 2.0A OR 9.0V-1.67A) <br/>\r\nCompatible with: Fast charging with Samsung Huawei Nokia Xiaomi and any android devices. <br/>\r\nCharging For All Mobile Phones,MP3,MP4,GPS Cell Phone,Bluetooth Device,Table And Other Digital Products <br/>\r\n100% brand new and high quality <br/>\r\nInput Voltage: AC 220V 50/60Hz 0.3A <br/>\r\nOutput Voltage: 9.0V 3.1A Or 5.0V 3.1 <br/>', 'Quick Charging RECRSI CH-47', '2024-09-05 23:54:56', 300, 350, 1, 1, 'tharinduchanaka6@gmail.com', 1),
	(48, 600, 30, '<b>SUITABLE FOR ANY CELL PHONE, PDA, PDA CELL PHONE AND DIGITAL CAMERA BATTERIES </b> <br/>\r\n- LCD universal charger for all types of lithium battery <br/>\r\n- Intelligently control the charging process, and automatically stop when the battery is full <br/>\r\n- Lightweight and easy to carry <br/>\r\n- Easy to use: instant plug-in and charge! <br/>\r\nINPUT: AC 110-240V~50/60Hz <br/>\r\nOUTPUT:4.2V 250mAh <br/>\r\nUSB:5.0V 300mA <br/>', 'LCD USB Charger', '2024-09-05 23:58:40', 300, 350, 1, 1, 'tharinduchanaka6@gmail.com', 1),
	(49, 800, 20, 'Best Quality Charger Combo For iPhone X <br/>\r\n5W USB power Adapter mobile Charger <br/> \r\n1 high Quality Foxconn Apple to Lightning Data Sync Fast Charging Cable <br/>\r\nSturdy Design: Compact, lightweight, stylish, easy to store. fits in the palm of your hand, portable design allows for easy storage and convenience, Simply connect with a USB cable (not included) and plug it into a wall. <br/>\r\nAuthentic Apple 8 pin Data Cable compatible all 8 pin devices like the iPhone 5 5S 5C 6,7,8 and X and Plus Models and iPads <br/>\r\nPowerful rapid charger. 1 Amp / 1000 mAh <br/>\r\nAuthentic Adapter will work with any phone provided you have the appropriate data cable. Fits in any standard Pakistani outlet\r\nAuthentic Apple product A1385 / MD818ZM/A <br/>\r\nCharger Plug: Input: 100-240V, 50/60Hz, 0.15A Output: 5V, 1A lightning Cable: USB 2.0 cable <br/>', 'iPhone mobile charger 5W ', '2024-09-06 00:11:04', 300, 350, 1, 1, 'tharinduchanaka6@gmail.com', 1),
	(50, 900, 20, 'Over Current Protection <br/>\r\nShort Circuit Protection<br/>\r\n5 V output function can e widely used for mobile phones, tablets and nearly all digital devices<br/>\r\nsupport Charging 18W + 2.4A <br/>\r\nMade in China', 'Car Charger High Quality', '2024-09-06 00:18:59', 300, 350, 1, 1, 'tharinduchanaka6@gmail.com', 1),
	(51, 1700, 20, 'Name:Xiaomi MI Travel Power Adapter<br/>\r\nFeatures:With Cable & Power Bank Connector  <br/>\r\nType:TypeC <br/>\r\nCertification:ULCertification <br/>\r\nMax. Output Power:27W  <br/>\r\nInput : 100 -240V <br/>\r\nModel : MDY-11-EX <br/>\r\n', 'Xiaomi Fast Charger 27W', '2024-09-06 00:25:15', 300, 350, 1, 1, 'tharinduchanaka6@gmail.com', 1),
	(52, 2100, 20, '<br>RECRSI 68W Super Fast Charger With Type-C Cable </b><br/>\r\n• Brand: RECRSI <br/>\r\n• Model: CH-FA38 3pin  <br/>\r\n• Name: 68W Fast Charger <br/>\r\n• Cable Type: Type-C USB Data Cable  <br/>\r\n• Plug: UK Plug <br/>\r\n• Output: 5.0V=2.0A 10W, 11.0V=4.1A 68W Max <br/>\r\n• Over charging protection <br/>\r\n• Over voltage protection <br/>\r\n• Over current protection <br/>\r\n• Temperature protection <br/>\r\n• Over power protection <br/>\r\n• Short circuit protection<br/>', 'RECRSI 68W Fast Charger', '2024-09-06 00:28:03', 300, 350, 1, 1, 'tharinduchanaka6@gmail.com', 1),
	(53, 1800, 20, 'Brand: General Mobile<br/>\r\nFunction: Power Supply, Quick Charge<br/>\r\n<b>Product Details </b><br/>\r\nAdapter Output: USB-A<br/>\r\nBody Material: Hard Plastic – ABS<br/>\r\nInput Power: 100 - 240V <br/>\r\nFrequency: 50-60Hz 0.5A <br/>\r\nOutput Power: 5.0V – 2.5A | 9V – 2A | 12V – 1.5A <br/>\r\nEfficiency: High Power Capacity for Faster Charging <br/>', 'SAMSUNG Turbo Charger Adapter', '2024-09-06 00:36:47', 300, 350, 1, 1, 'tharinduchanaka6@gmail.com', 1),
	(54, 3500, 10, 'Wireless Bluetooth Speaker <br/>\r\nRechargeable Battery <br/>\r\nBig Sound & Good Bass <br/>\r\nFM Radio Function <br/>\r\nUSB & Micro SD Card Supported <br/>\r\nPlay/Pause & Previous/Forward Buttons <br/>\r\nVolume up/down Buttons <br/>\r\nWireless transmission range: up to 10m <br/>\r\nSpeaker drive size : 3 inch <br/>\r\nOutput Power: 5W <br/>\r\nFrequency response : 100Hz-20kHz <br/>\r\nSignal to noise ratio : >=80dB <br/>\r\nFM scan range : 87.5-108.0mHz <br/>\r\nUSB Charging: DC 5V <br/>\r\nBattery Capacity: 500mAh <br/>\r\nMax memory support(USB/SD) : 32GB  <br/>\r\nPlaytime: up to 1 hour at 75% volume <br/>\r\nCharging time: 2 hours <br/>\r\nWarranty Covered: All our speakers are QC TESTED before we send to you - Shipped within 24 Hrs 14 Day free return, checking warranty included. <br/>\r\n<b>PLEASE NOTE: FM Radio, AUX, MIC Features NOT available for all models only some models. Please check the Model Number and features in the description below before buying. </b>\r\nThese speakers are the best Value for Money on Daraz  <br/>\r\nULTRA LOUND Extra bass with bass enhancers for party and dance music <br/>\r\nEngineered for Music Lover -Wireless music streaming via Bluetooth with 5W Power Output <br/>\r\nPORTABLE AND LIGHTWEIGHT so carry it wherever you go for both indoors and outdoors as well Powerful connectivity speakers for enhanced Stereo sound <br/>\r\nPower Source: USB Chargeable, RECHARGEABLE BATTERY  <br/>\r\nLong Battery life: with 3-5 HOURS Play time and only 2Hr full Charging time <br/>\r\nWireless range: 5 m <br/>\r\nWireless music streaming via Bluetooth <br/>\r\nOther music inputs: Memory Card Slot, USB Size : 16cm x 25cm x 12cm Easy carrying <br/>', 'Bluetooth Speaker Mini Wireless Speaker', '2024-09-07 00:22:32', 300, 350, 1, 1, 'tharinduchanaka6@gmail.com', 1),
	(55, 4100, 10, 'High-value mirror LED digital alarm clock, which is both an alarm clock and a decoration <br/>\r\nIt can be hung on the wall or placed on the countertop in two ways, and it can be used more freely <br/>\r\nHigh-definition LED display: date (year/month/day displayed on the same screen), temperature, humidity, time (12/24 hour conversion) <br/>\r\nThree levels of brightness adjustment, in night mode (18:00-7:00), the LED light will automatically dim at night <br/>\r\nTwo power supply methods: USB interface power supply/3 AAA batteries (batteries not included) <br/>\r\nDimensions: 23 x 7 x 3.5cm <br/>', 'Digital LED Alarm Clock', '2024-09-07 00:28:59', 300, 350, 1, 1, 'tharinduchanaka6@gmail.com', 1),
	(57, 2150, 20, 'Rechargeable & Excellent Clipping function <br/>\r\nPush-type switch for easy operation <br/>\r\nIndicator light function <br/>\r\nLength is easily changeable <br/>\r\nHair & Beard Trimmer with Hair Clippers <br/>\r\nGeemy Hair Trimmer (GM-6265) <br/>\r\nGeemy GM-6265 Cordless Electric Hair Clipper features a modern design and an ergonomic grip which enables excellent clipping function with wireless use. Fully charged, GM-6265 can provide about 45 minutes of wireless use. The Stainless steel blades of this electric hair clippers are detachable for easy cleaning. Push-type switch for easy operation. Replaceable rechargeable battery ', 'Hair & Beard Trimmer GM-6265', '2024-09-07 00:40:00', 300, 350, 1, 1, 'tharinduchanaka6@gmail.com', 1),
	(58, 1150, 30, '<b>Features </b>\r\nThe product is mainly made of natural surface active agent with fast penetration and cleaning property and powerful dirt removing performance. <br/>\r\nApply advanced technology, contain non-toxin anti-microbial <br/>\r\nFree of phosphor and harmful organic solvent remove animal and plant oil, lubricant etc. <br/>\r\nIt can substitute such organic solvents as ethanol and gasoline, do not corrode the desired surface  <br/>\r\nIt also applicable for water scald, bitumen, ink and carbon powder  <br/>\r\nPlenty of foam, high adhesion, convenient for washing  <br/>\r\nIt generates elegant fragrance after use  <br/> <br/>\r\n\r\n<b>Product details of Herios Foam Cleaner for Computers and Screens</b>\r\nComes from the brand other  <br/>\r\nCleans the plastic parts only  <br/>\r\nFor computers and screens  <br/>\r\nEasy to use & Good product  <br/>', 'HERIOS Universal Foam Cleaner', '2024-09-07 00:47:49', 300, 350, 1, 1, 'tharinduchanaka6@gmail.com', 3),
	(59, 1000, 30, '<b>Powerful Cleaning Performance</b><br/> \r\nThe RELIFE RL530 Environmental Cleaner offers powerful cleaning performance to effectively remove dirt, stains, and grime from various surfaces. It is designed to provide a thorough and deep clean, leaving your surfaces looking fresh and spotless.<br/> \r\n\r\n<b>Environmental-Friendly Formula </b><br/> \r\nThis cleaner is formulated with an environmental-friendly formula, making it safe to use and reducing its impact on the environment. It does not contain harsh chemicals that could be harmful to you or the surfaces you are cleaning. <br/> \r\n\r\n<b>Versatile Application</b><br/>\r\nThe RL530 Environmental Cleaner can be used on a wide range of surfaces, including countertops, floors, tiles, glass, metal, and more. It is suitable for both household and commercial cleaning applications, providing versatility and convenience.<br/> \r\n\r\n<b>Easy to Use</b><br/> \r\nThe cleaner is designed for ease of use. Simply apply the cleaner to the desired surface, allow it to sit for a short period, and then wipe it away with a clean cloth or sponge. It does not require extensive scrubbing or rinsing, saving you time and effort.  <br/> \r\n\r\n<b>Fresh and Pleasant Scent</b><br/> \r\nThis cleaner leaves a fresh and pleasant scent behind after cleaning, helping to eliminate unpleasant odors and leaving your space smelling clean and inviting.<br/> ', 'Contact Cleaner RL530', '2024-09-07 01:03:09', 300, 350, 1, 1, 'tharinduchanaka6@gmail.com', 3),
	(60, 2200, 10, 'Motion sensor and security camera design to deter intruders. <br/>\r\nBright white light for increased visibility. <br/>\r\nSolar panel with sensor for automatic charging. <br/>\r\nEnergy-saving dim light mode when no motion is detected. <br/>\r\nAutomatic on when darkness is detected. <br/>\r\nLong-lasting internal rechargeable battery. <br/>\r\nDurable material: ABS. <br/>\r\nLED quantity: 77. <br/>\r\nSolar panel: 5.5V 1.8W. <br/>\r\nHighlight delay: 20 seconds. <br/>\r\nBattery capacity: 2400mAh. <br/>\r\nSensing distance: 3-5 meters. <br/>\r\nCharging method: solar. <br/>\r\nIncludes remote control for convenient operation from a distance <br/>\r\nThe outdoor LED light offers 3 lighting modes that can be easily switched <br/>', 'Solar Monitoring Lamp', '2024-09-07 01:10:07', 300, 350, 1, 1, 'tharinduchanaka6@gmail.com', 1),
	(61, 2700, 20, 'Solar powered luminaires are becoming an increasingly preferred way to illuminate the yard and the garden. <br/>\r\nThe reasons are a natural, inexpensive, efficient and inexhaustible method. <br/>\r\nThe solar lamps placed between the flowers in your garden are very beautiful, but they do not provide enough light to move peacefully into the yard when it gets dark. <br/>\r\nDo not worry, we have the solution for you outdoor lamp with solar panel with LED diodes 5500K light and motion sensor. <br/>\r\nThe model is waterproof and you do not have to keep it all the time. <br/>\r\nSimply mount in a sunny place so the solar panel can be charged and enjoy the light. And when we mentioned the installation, the pattern is fixed with a double-adhesive tape, preferably on a smooth surface. <br/>\r\nThe motion sensor allows activation only when needed, ie. when you are moving. Its stylish vision fits perfectly into every home.<br/>\r\nEasy cordless installation and auto-activation sensor Fully autonomous power supply Inexpensive and environmentally friendly way to illuminate the yard Easy to mount Motion sensor Waterproof housing Stylish and clear appearance Bright light Works with a built-in solar panel <br/> \r\nSolar panel: 0.55W 17% efficiency. <br/>\r\nPower LED: 0.2W, 5000K to 5500K <br/>\r\nSets the travel angle and distance: 120 degrees, 3m <br/>\r\nLithium-ion battery: 1200 mAh, 3.7V COB LED: COB 28W 1pcs. <br/>\r\n1000lm Delay time: 10 seconds <br/>\r\nNight sensor: 10lux. Lighting button: Off / Size: 18.8x11.8x5 cm <br/>', 'Solar Sensor wall light', '2024-09-07 01:19:36', 300, 350, 1, 1, 'tharinduchanaka6@gmail.com', 1),
	(62, 1750, 20, 'solar lamp, very bright new arrival. <br/>\r\nThere is a switch and can be set as an automatic system. <br/>\r\nThe sensor light will automatically turn on / off during the night.Solar charging Detect within 5 meters Easy to install,\r\nweather resistant, outdoor use. <br/>\r\nWith 4 watt solar panels, white light<br/>\r\n120 degrees wide light 8 hours in the sun <br/>\r\nbright for about 30 hours. <br/><br/>\r\n\r\n<b> CL-2566 SOLAR SENSOR WALL LIGHT Round LED </b><br/>\r\nsolar lamp, very bright new arrival.There is a switch and can be set as an automatic system.The sensor light will automatically turn on & off during the night. Solar charging Detect within 5 meters Easy to install, weather resistant, outdoor use. With 4 watt solar panels, white light, 120 degrees wide light 8 hours in the sun, bright for about 30 hours.', 'Solar Sensor Wall Light', '2024-09-07 01:26:30', 300, 350, 1, 1, 'tharinduchanaka6@gmail.com', 1),
	(63, 5000, 5, '<b>Features</b><br/>\r\nHTC Professional Hair Clipper CT-7107. This is Extremely powerful motor with a long service life and overheat protection. <br/>\r\nIt comes with a powerful motor<br/>\r\nIt has adjustable cutting settings<br/>\r\nIt has variable cutting length <br/>\r\nComes with precision cutting blades<br/>\r\nErgonomically shaped body<br/>\r\nHigh Carbon Steel Blades<br/>\r\nSlim And Fitting Design With Soft Touch Grip<br/>\r\nPaint Spray With Rubberized Shell<br/>\r\nAdjustable Blade Lever<br/>\r\nWith Blade Guard<br/>\r\nFull Set Of Barber Accessories For Professional Use<br/>\r\n6 Moths Warranty<br/>\r\n\r\n<b>Accessories:</b><br/>\r\n4 Trimming attachment Comb (3, 6, 9, 12mm) <br/>\r\n1 Barber comb <br/>\r\n1 Cleaning brush <br/>\r\n1 Lubricating Oil <br/>', 'HTC Wired Hair Clipper', '2024-09-07 01:38:42', 300, 350, 1, 1, 'tharinduchanaka6@gmail.com', 1),
	(64, 10000, 10, '<b>About this item</b><br/>\r\nActive Noise Cancellation blocks outside noise, so you can immerse yourself in music <br/>\r\nTransparency mode for hearing and interacting with the world around you <br/>\r\nSpatial audio with dynamic head tracking places sound all around you <br/>\r\nAdaptive EQ automatically tunes music to your ears <br/>\r\nThree sizes of soft, tapered silicone tips for a customizable fit <br/>\r\nForce sensor lets you easily control your entertainment, answer or end calls, and more <br/>\r\nMore than 24 hours total listening time with the MagSafe Charging Case <br/>\r\nQuick access to Siri by saying Hey Siri<br/>\r\nEffortless setup, in-ear detection, and automatic switching for a magical experience. Connectivity- Bluetooth 5.0 <br/>', 'Apple AirPods Pro Earbuds', '2024-09-07 01:48:53', 300, 350, 1, 1, 'tharinduchanaka6@gmail.com', 1),
	(65, 1000, 20, 'THE CAN WITH THOUSANDS OF USES Known as WD-40 protects metal from rust and corrosion, penetrates stuck parts, displaces moisture, and lubricates just about anything <br/>\r\nCleans and protects chrome, garden tools from rusting <br/>\r\nRemoves stickers, gum, wax, residue from household items <br/>\r\nLubricates locks, door hinges, luggage zippers, wheels and more <br/>', 'WD 40 Multi Use Spray 400 ML', '2024-09-07 23:30:59', 300, 350, 1, 1, 'tharinduchanaka6@gmail.com', 1),
	(66, 2200, 20, 'Professional Hair Trimmer <br/>\r\nStainless Steel Blade,easy to cut hair <br/>\r\nPass Type switch easy to operation <br/>\r\nCharging Indicator <br/>\r\nRechargeable Battery <br/>\r\nEasy And Stylish <br/>\r\nPrecision Cutting <br/>\r\nErgonomic Design For Easier Handling <br/>\r\nLight & compact <br/>\r\nStainless steel blade <br/>\r\nEasy to cut your hair <br/>\r\nPress type switch <br/>\r\nCharging indicator <br/>\r\nNot water proof <br/>\r\nCleaning brush and oil bottle included ', 'Geemy GM 769 Trimmer', '2024-09-07 23:43:14', 300, 350, 1, 1, 'tharinduchanaka6@gmail.com', 1),
	(67, 5800, 20, 'Titanium Blade Technology <br/>\r\nTurbo boost feature <br/>\r\nRechargeable <br/>\r\nCord & Cordless <br/>\r\nTrimmer Blade Professional Grade Blades To Define Your Facial Style, Dual Shaver Ultra Close Shave & Ability To Edge With Precision, Nose & ear Trimmer Safe,easy & Hygienic Grooming, Precision Trimmer Define Both Straight Or Curved Lines And Edges', 'Gemei 7 In 1 Rechargeable Trimmer', '2024-09-07 23:55:41', 300, 350, 1, 1, 'tharinduchanaka6@gmail.com', 1),
	(68, 2200, 20, 'Excellent Clipping Function with Sharp Stainless Steel Blade for Endurance. <br/>\r\nPerfect for Trimming Beard And Mustaches. <br/>\r\n4 Attachment Combs For Ultimate Trimming Versatility. <br/>\r\nWireless Operation and Indicator light function. <br/>\r\nDurable Powerful Motor And Switch for Easy On/Off <br/>\r\nHigh efficiency battery for 45 minutes non stop usage after full charge. <br/>\r\nRechargeable battery - Charging time 4-8 hours. <br/>\r\nAvailable Colors - Blue & Red <br/>\r\nInput 220V-240V 50Hz-60Hz 3w. <br/>\r\nTrimmer, User Manuel, 4 Size Comb Clips, Lubricant Oil, Cleaning Brush. <br/>', 'Geemy Gm-6055 Rechargeable Trimmer', '2024-09-08 00:07:44', 300, 350, 1, 1, 'tharinduchanaka6@gmail.com', 1),
	(69, 1150, 20, 'Wave effect plate &Temperature control <br/>\r\nPower: 45W <br/>\r\nLong cable <br/>\r\nVoltage 220-240 v Heating temperature: 160 - 200 ° C <br/>\r\n360 swivel power cord  <br/>\r\nFreely create the ideal hairstyle and be satisfied with soft and shiny hair <br/>\r\nCeramic coating <br/>\r\nPower indicator light <br/>\r\nFor all hair types <br/>\r\nPTC heater with rapid heating <br/>\r\nProduct type: Hair Straighteners', 'Geemy Gm-2995 Hair Straightener', '2024-09-08 00:22:28', 300, 350, 1, 1, 'tharinduchanaka6@gmail.com', 1),
	(70, 2900, 20, 'High compatibility, play with all standard USB devices, computer, laptop, tablet, etc. <br/>\r\nMini size, easy to carry, only take small area on desktop. <br/>\r\nUse good quality speaker module, amazing sound performance. <br/>', 'Kisonli K100 Computer Speaker System', '2024-09-08 00:32:00', 300, 350, 1, 1, 'tharinduchanaka6@gmail.com', 2),
	(71, 2200, 20, 'The Humaira Laser Pointer is a powerful and versatile tool designed for professionals and enthusiasts. Emitting a 1000nW green light, this laser pointer provides enhanced visibility for presentations, teaching, stargazing, and outdoor activities. The laser pointer features a rotating cap, allowing users to change the laser beam pattern to suit their needs. For added security, it comes with two keys and a keyhole at the back, ensuring it can be turned off when not in use. The rechargeable 6800 mAh battery ensures long-lasting performance, and the pack includes a charger for easy and convenient recharging. With a wavelength of 532nm + 10, the Humaira Laser Pointer is a Class III B laser product, meeting safety standards for reliable and safe operation. Crafted with durability in mind, this laser pointer is made from high-quality materials and precise engineering. Its user-friendly interface and controls make it easy to use for various applications.', 'Laser Pointer Green Light', '2024-09-08 00:44:03', 300, 350, 1, 1, 'tharinduchanaka6@gmail.com', 2),
	(72, 1950, 20, 'Note: In voice change mode, the speech will echo to ensure that you can hear the voice change effect clearly. <br/>\r\nEarphones & mic work with any 3.5mm jack Light weights <br/>\r\nRemote (Play/Pause button) is supported by all Samsung models <br/>\r\nSuperb sound quality & Deep brass and effective noise isolation <br/>\r\nUltra lightweight & Support voice memos <br/>\r\nOn cable mic/remote for easy and hands free calling. <br/>\r\nHigh purity copper wire, perfect anti-interference performance <br/>\r\n3.5mm jack in-ear earphones, compatible with most of smart phones <br/>\r\nSupport songs switching and volume control <br/>\r\nAdopted 10mm loudspeaker <br/>\r\nHigh purity copper wire, perfect anti-interference performance <br/>\r\nThe horn size: 14mm membranes <br/>\r\nImpedance: 32ohoms, Spirit acuity: 108DB+/- 3DB, Line length: 135cm, Product weight: about 15g <br/>\r\nType: Earphones (Earbuds / In-Ear) <br/>\r\nFunctions: Song switch,Volume Control <br/>\r\nColor: White, Headphone jack: 3.5mm <br/>\r\nFrequency Range: 20 - 20000Hz <br/>\r\nSpeaker size: 10mm Cable <br/>\r\nSensitivity: 95 dB & plusmn : 3 dB. <br/>\r\nMicrophone: equipped. <br/>', 'Wireless BT Speaker KTS-1720', '2024-09-08 00:56:15', 300, 350, 1, 1, 'tharinduchanaka6@gmail.com', 1),
	(73, 3500, 10, 'Condition: and high quality <br/>\r\nAngel eye light color: White <br/> \r\nFog light color: White <br/>\r\nDiameter: 3.5inch(89mm) <br/>\r\nVoltage: 12V <br/>\r\nMaterial: aluminum alloy <br/>\r\n5W x 2=10W <br/>\r\nCOB led chips <br/>\r\nLuminance:1200LM <br/><br/>\r\n<b>Features</b><br/>\r\nIt is for one set Lens projector LED fog light with COB LED angel eye halo rings. <br/>\r\nYou can pretty much install these for any cars, SUV either replacing the existing fog or as fog lights. <br/>\r\nLED lighting output,super brightness.<br/>\r\nIt is come with a glass projector lens, which makes the light beam very focus and projects the light much farer than regular model. <br/>\r\nLED lights consume much less power than halogen bulbs. <br/>\r\nThe service much than halogen bulbs, average lifespan of LED light is 50,000 working hour. <br/>\r\nAs long as your vehicle on the lower bumper have enough clearance space, you can install this for your vehicle. <br/>', '2Pcs Car Universal Fog Light', '2024-09-08 01:16:01', 300, 350, 1, 1, 'tharinduchanaka6@gmail.com', 1),
	(74, 3500, 30, 'Voltage 12V <br/>\r\nPlace of Origin Guangdong, China <br/>\r\nModel Number BB142 <br/>\r\nMaterial	plastic <br/>\r\nColor White+White ring/Blue ring <br/>\r\nLifespan	50000 Hours <br/>\r\nOEM OEM Service <br/>\r\nPackage	Color Box <br/>\r\nPower 20W', '3inch Led Round Fog Light', '2024-09-08 01:23:37', 300, 300, 1, 1, 'tharinduchanaka6@gmail.com', 1),
	(75, 2800, 5, 'Supports VESA Compatible 100mm x 100mm to 400mm x 400mm, for 14-42 inches TVs. <br/>\r\n-Solid, heavy-gauge steel construction with a durable coated finish and safely accommodates up to a 110lbs TV <br/>\r\n-Adjustable swivel arm and tilt plate provide maximum viewing flexibility. <br/>\r\n-It articulates out from the wall from 80mm to 550mm and cable management saves valuable living space <br/>\r\n-It is suitable for smaller rooms or apartments where space is limited, as well as large spaces allowing anyone in the room to see clearly <br/>', 'Universal TV Wall Mount', '2024-09-08 01:35:27', 300, 350, 1, 1, 'tharinduchanaka6@gmail.com', 1),
	(76, 1200, 10, 'Built-in high-precision limited flow chip, the effective club is excellent for overpressure, overflow, short circuit and high temperature <br/>\r\nAdopt the international common AC 100v-240v wide voltage input and 50-60Hz voltage  <br/>\r\nFrequency to meet the needs of different countries and regions, The shell is made of fireproof material with high strength and heat resistance <br/>\r\nCompact size,easy to carry  <br/>\r\nSuitable for mainstream brands such as apple and android phones and tablets <br/>', '2 in 1 Quick Charger', '2024-09-08 01:52:00', 300, 350, 1, 1, 'tharinduchanaka6@gmail.com', 1),
	(77, 1850, 10, '<b>Product features</b><br/>\r\nQualcomm Quick Charge 3.0<br/>\r\nHigh-precision circuit board, not only built-in smart charging chip <br/>\r\nAutomatically match the appropriate current, but also compatible with all currents Intelligent device.<br/>\r\nAdapt to 100-240V wide voltage, global universal voltage range, voltage level can be Work normally without damaging the equipment.<br/>\r\nSupport 3A fast charging and fast charging of mobile phones and tablets.<br/>\r\nWhen charging a single device, the charging speed will increase at the same time. Standard British power interface.<br/>\r\nMADE IN KOREA\r\n', 'Fast Charger with Cable 18W', '2024-09-08 01:56:37', 300, 350, 1, 1, 'tharinduchanaka6@gmail.com', 1),
	(78, 5150, 10, 'ANC/ENC Double Dark Noise Reduction Touch Control <br/>\r\nTouch screen playback control. <br/>\r\nHeadphone volume control. <br/>\r\nNoise reduction/pass-through switching. <br/>\r\nEvener setting. <br/>\r\nAlarm clock/timer setting. <br/>\r\nScreen brightness adjustment. <br/>\r\nFifteen languages are switching. <br/>\r\nLock screen wallpaper setting. <br/>\r\nHeadphone location finding. <br/>\r\nTime/date setting. <br/>\r\nShort video switching and liking. <br/>\r\nRemote control cell phone to take photos. <br/>\r\nLED lighting.<br/>\r\nSupport language: English, Chinese Traditional, Chinese Simplified, Korean, Malay, Thai, Vietnamese, German, Spanish, Russian, Portuguese, Arabic, Turkish, French, and Japanese. <br/>', 'V20 PRO Wireless Earbuds', '2024-09-08 09:04:29', 300, 350, 1, 1, 'chanakaelectro@gmail.com', 1),
	(79, 3150, 20, 'Model: K35 2 IN 1 <br/>\r\nFunction: Noise Canceling, Lightweight, Portable <br/>\r\nPolar Pattern: Omni-directional <br/>\r\nUsage: Smartphones, Sound equipment, Camera <br/>\r\nCommunication: Wireless <br/>\r\nReceiver: auxiliary 3.5mm <br/>\r\nFrequency: 2.4GHz <br/>\r\nTransmission distance: 20 meters without walls, 7m with walls <br/>\r\nBattery Life: 5 Hours <br/>\r\nSNR (signal to noise ratio): 65 dBm <br/>\r\nMax SPL: 110db <br/>\r\nSensitivity: -42dB + 2dB <br/>\r\nCharging port: TYPE-C <br/>\r\nCompatible: Speakers Interfaces, Cameras <br/>\r\nNot compatible with: Cell phones, PCs, Laptops <br/>', 'Single Wireless Microphone 3.5mm', '2024-09-08 09:21:19', 300, 350, 1, 1, 'chanakaelectro@gmail.com', 1),
	(80, 2500, 20, '<b>Multi-functional Operation:</b> Bluetooth glasses headset is easy to operate and has multiple functions, such as answering calls, playing music, adjusting volume, switching songs, etc., which is very practical. <br/> <br/> \r\n<b>High-quality sound quality:</b>  bt glasses headset adopts high-quality audio chips and technology, which can provide excellent sound quality and make music sound clearer and more realistic.  <br/>  <br/> \r\n<b>Easy to carry:</b>  BT glasses and earphones are light and compact, and can be easily carried around, suitable for outdoor sports, travel, business trips and other activities. <br/> <br/> \r\nWith multiple functions such as answering calls and adjusting volume BT glasses headset is practical and easy to operate. <br/> <br/> \r\nHigh-quality audio chips and technology provide excellent sound quality.<br/> <br/> ', 'Bluetooth Smart Glasses Headphones', '2024-09-08 10:07:45', 300, 350, 1, 2, 'chanakaelectro@gmail.com', 2),
	(81, 15500, 10, 'Tallplus SW-03 <br/>\r\n3D Super Flexible Surface Design <br/>\r\nSuper Amoled Always On Display <br/>\r\n1.952 inches, resolution of 410X512 <br/>\r\n3D full touchscreen <br/>\r\nWaterproof Bluetooth 5.3&BT 3.0 <br/>\r\nBattery capacity 230mAh <br/>', 'Smartwatch Tallplus SW-03', '2024-09-08 10:35:39', 300, 350, 1, 1, 'chanakaelectro@gmail.com', 1),
	(82, 1600, 20, 'High-end optical engine, precise positioning. <br/>\r\nErgonomic design, comfortable touch, long-term use without fatigue. <br/>\r\n6 buttons, including scroll wheel, left button, right button, advance, retreat, DPI switcher,Adjustable 800/1200/1600DPI <br/>\r\nIntelligent connectivity, plug and play. <br/>\r\nLong switch life up to 10 million.<br/>\r\nTotal 7 bright colors showing in turns, giving you a colorful visual effect. <br/>\r\nSuitable for high-end players, gaming professional players <br/>', 'Gaming mouse SP-D04', '2024-09-08 10:53:41', 300, 350, 1, 1, 'chanakaelectro@gmail.com', 1),
	(83, 500, 20, 'SPECIFICATIONS:<br/>\r\nMINI HAND FAN -Model: YM88155A <br/>\r\nColor: Yellow / Orange / Grey / Purple -Material: PP  <br/>\r\nInput: 5V=1A -Voltage Output: 3-4.5V -Current Output: 1.5W -Battery Capacity: 350mAh <br/>\r\nBattery Voltage: 4.2V -Charging Time: About 2 - 4 Hours <br/>\r\nSpeed Mode: 1 Level <br/>\r\nSize: 11x4.2x18.7cm <br/>\r\nWeight: 143g <br/>', 'Mini Rechargeable Fan YM-88155A ', '2024-09-08 13:59:00', 300, 350, 1, 2, 'chanakaelectro@gmail.com', 1),
	(84, 2500, 20, 'Compared with other similar products, our power strip is designed with 4 USB ports, which can be used to simultaneously charge phones, tablets, and other devices. And more, it would not take up too much desktop space.<br/>\r\nPortable and lightweight. Our USB power strip fits easily into your luggage to keep you powered on any trip. <br/>\r\nIt is constructed of ABS material. <br/>\r\nThe length of this product is 100cm. <br/>\r\nThis product is perfectly suitable for home, household, dorm, office, and more. <br/> <br/>\r\n\r\nItem Name: USB Power Strip <br/>\r\nMaterial: ABS <br/>\r\nSocket Type: US Plug <br/>\r\nInterface: USB <br/> \r\nInput Voltage: 100-240V<br/>\r\nOutput Current: 5.1A <br/>\r\nFeatures: Quick Charging, Plug Play, Lightweight <br/>\r\nSize Details: Length: 100cm/39.37 (Approx.) <br/>', 'Rack Charger 5.1A ', '2024-09-08 14:16:55', 300, 350, 1, 1, 'chanakaelectro@gmail.com', 2),
	(85, 3200, 20, 'The White & Green LED display provides power percentage on the charging case of the wireless earphones. These wireless earbuds can last for up to 6 hours of playtime from a single charge and 30 extra hours with charging case. Equipped with USB-C cable offers you fast and stable charging. <br/><br/>\r\n\r\nHeadphones wireless bluetooth version 5.3 provides stable and faster transmission and supports hands free, advanced audio, audio & video control, which offers you an exceptional audio experience with stronger connection stability with longer range. Smooth Auto Pairing, just open the case and tap on your device to connect, avoiding complex operations and saving time. <br/><br/>\r\n\r\nThe mini charging case can fit anywhere & easy to carry. The earbuds are rated at IPX5 water resistant with nano coating for protection. The wireless earbuds ergonomic design is to fit the contours of your ear which allows proper fitment of the ear canal, for long term wear and preventing them from falling out while running or playing your favorite sport. Earbuds comes with 3 different sizes of ear tips (S/M/L) to give you the most comfort. <br/><br/>\r\n\r\nThe earbuds are tuned with a 10mm Drivers, which provides you a powerful bass, stunning treble and clear mids. Active Noise Cancelling uses speakers to reduce unwanted background sound up to 40db. The built-in mics in each earbud utilizes call noise cancellation to ensure a crystal clear experience and reduces the background noise . It will allow you to enjoy high-quality calls anywhere and anytime. <br/><br/>', 'Wireless Bluetooth Earbuds RE-S909', '2024-09-08 14:35:19', 300, 350, 1, 1, 'chanakaelectro@gmail.com', 1),
	(86, 1500, 20, '<b>COMFORTABLE BUTTONS & GENTLE AND APT</b><br/>\r\nSYMMETRICAL LEFT AND RIGHT BUTTONS COMFORTABLE TO CLICK WHETHER IN A QUIET OFFICE OR A LIBRARY CREATE A COMFORTABLE ENVIRONMENT FOR YOU <br/><br/>\r\n\r\n<b>WIDELY COMPATIBLE & PLUG AND PLAY</b><br/>\r\nNO NEED TO INSTALL THE DRIVER JUST CONNECT THE ABLE CORRECTLY JUST PLUG IT INTO THE USB PORT OF\r\nYOUR COMPUTER AND YOU CAN USE IT SUPPORT ALL KINDS OF DESKTOPS AND LAPTOPS<br/><br/>\r\n\r\n<b>ERGONOMICE COMFORTABLE CRIP</b><br/>\r\nWITH A SYMMETRICAL DESIGN FOR LEET AND RIGHT HANDS SUITABLE FOR MEDIUM TO LARGE HANDS TYPE USER JUST RIGHT BACK CURVE IT CAN BE COMFORTABLY CRASPED WHETHER IT IS LYING DOWN OR GRASPING<br/><br/>\r\n\r\n<b>1200DPI OPTICAL CHIP</b><br/>\r\nUSING A MORE POWERFUL OPTICAL TRACKING ENGINE RESPONSIVE THE OPERATION IS SMOOTH AND IT CAN BE ACCURATELY POSITIONED WITHOUT LOSING FRAMES EVEN IN FAST MOVEMENT EASY TO DEAL WITH GAME OFFICE<br/><br/>', 'Wired Mouse (Business Use) RECRSI', '2024-09-08 15:22:59', 300, 350, 1, 1, 'chanakaelectro@gmail.com', 1),
	(87, 2800, 20, 'Model No: GM-3107 <br/>\r\nMagic Stainless Steel Blade <br/>\r\nCut Hair Very Easy <br/>\r\n3 in 1 Nose & Ear Hair Trimmer <br/>\r\nNose Head, Small Trimmer Head, Eyebrow Trimmer <br/>\r\nVoltage: 220-240V 50/60Hz 3W <br/>\r\nIntelligent Anti-clip System <br/>\r\nHigh Speed Motor <br/>\r\nLong Service Life <br/>\r\nPowerful Motor <br/>\r\nSpecial Cord <br/>\r\nProtective Cap <br/>\r\nBig Size Trimmer For Beard <br/>\r\nSideburn and Long Hair <br/>\r\nSmall trimmer Head For Nose, Ear and Short Hair <br/>\r\n8 Hours Charging <br/>\r\n60 Minutes Use <br/>\r\nCharging Indicator <br/>', 'Gemei Rechargeable Trimmer GM 3107 ', '2024-09-09 08:10:42', 300, 350, 1, 1, 'chanakaelectro@gmail.com', 1),
	(88, 2850, 20, 'Fast hyper charger for samsung galaxy, infinix, tecno and any other type-c phone s. it also indicate fast charging when p and very affordable with cool price Accessories-Charger <br/>\r\nModel: CH-NOTE12 Input: 100-240V~50/60Hz 2.5A Output:5.0V=3.0A or 4.0-20.0V =6.0A 120.0W MAX The output mode of the product can be adjust automatically by the load <br/>', 'Fast Charger with USB to Type C Cable', '2024-09-09 08:27:27', 300, 350, 1, 1, 'chanakaelectro@gmail.com', 1),
	(89, 5750, 10, '<b>Experience the Future of Charging with Maphie s 20000mAh Transparent PD66W Two-Way Fast Charging Power Bank </b><br/><br/>\r\n\r\nRevolutionize your charging experience with the Maphie Power Bank. Boasting a powerful 20000mAh capacity, this portable charger effortlessly meets the fast-charging demands of smartphones, cameras, tablets, e-readers, and more.<br/><br/>\r\nCompact yet powerful, the Maphie Power Bank features a sleek design that seamlessly combines functionality with a touch of retro cyberpunk aesthetics. Its transparent casing allows users to visually engage with its inner workings, accentuated by an intuitive IPS display showcasing the battery level.<br/><br/>\r\nEquipped with dual USB-C and USB-A terminals, this power bank stays ahead of the curve in technology transitions. The 66W power output ensures compatibility with a wide array of devices, offering versatile charging options for tech enthusiasts.<br/><br/>\r\nSafety is a top priority, and the Power Bank integrates an Advanced Intelligent Protection Chip, providing comprehensive protection against overcharge, discharge, overload, short circuit, and leakage. This guarantees a secure and reliable charging experience. <br/><br/>\r\nDesigned for globetrotters, the Maphie Power Bank is travel-friendly and TSA-approved for carry-on baggage. Its ergonomic design and compact dimensions ensure hassle-free portability, while the LED display keeps users informed about the remaining battery charge. <br/><br/>', 'Power Bank 2000mah Maphie', '2024-09-09 08:38:15', 300, 350, 1, 1, 'chanakaelectro@gmail.com', 1),
	(90, 650, 39, 'Using environment-friendly <br/>\r\nmaterial TPE <br/>\r\nHigh-speed charging and data transmission <br/>\r\nHigh-quality material, ensuring difficult to pull off <br/>', 'Data Cable CB-09 ', '2024-09-09 08:51:54', 300, 350, 1, 2, 'chanakaelectro@gmail.com', 1),
	(91, 14000, 20, 'KTS 1762 karaoke speaker with remote and wireless Mic <br/>\r\nSpeaker size:2 x 8inches <br/>\r\nAdjust Echo / Base <br/>\r\nRGB LED Light System <br/>\r\nFM Radio/USB/TF <br/>\r\nWireless Transmission Up to 10m <br/>\r\nBattery Capacity up to 2400mah <br/>\r\nUSB Charging <br/><br/>\r\n\r\n<b>Get ready to sing your heart out and entertain your friends with the Karaoke Portable Party Speaker with Wireless Mic.</b><br/><br/>\r\n\r\nThe Karaoke Portable Party Speaker KTS 1762 features wireless microphone capabilities, making it incredibly easy to use. Say goodbye to tangled cords and hello to hassle-free karaoke nights. Simply connect your device to the speaker via Bluetooth and start singing your favorite songs with the wireless microphone. Whether you’re hosting a party or just having a fun night in, this speaker will take your karaoke experience to the next level.  <br/>\r\n\r\n', 'Bluetooth Speaker KTS-1762', '2024-09-09 11:09:50', 300, 350, 1, 1, 'tharinduchanaka6@gmail.com', 1),
	(92, 3300, 20, 'Pixel control range <br/>\r\nSingle color: Max 320 x32,640 x16 pixels <br/>\r\nDual Color: Max 160x32 pixels <br/>\r\nCommunication: WiFi <br/>\r\nInterface: 2 xhub12, 1 xhub08 ports <br/>\r\nScan way: 1/4 scan color monochrome p10 led display <br/>\r\nProgram quantity: Max 1000pcs, can play by time section or control by buttons <br/>\r\nArea quantity: 20 areas with separate area, and separate special effects and border <br/>\r\nDisplay display: text, timing, counting, lunar calendar <br/>\r\nClock function: Support digital clock, Dial clock, lunar time <br/>\r\nThe font, size, color and position can be set freely <br/>\r\nSupport multiple time zones <br/>\r\nExtended equipment: brightness sensor, it can not support weather and humidity sensor <br/>\r\nAuto switch screen: support switch machine <br/>\r\ndimming: support In mode 3 brightness mode <br/>', 'LED Driver Controller W2', '2024-09-09 11:17:14', 300, 350, 1, 1, 'tharinduchanaka6@gmail.com', 1),
	(93, 10000, 10, 'Brand: Den-B <br/>\r\nProduct Name: Digital Video DIVX DVD Player <br/>\r\nModel No: DVD-399 <br/>\r\nUnit Dimensions: 43 x 22 x 5 cm <br/>\r\nPower: Input: 220-240V 50/60Hz, Output: 15W <br/>\r\nCompatibility: MP4, DVD, SVCD, VCD, CD, MP3, DIVX <br/>\r\nInput/ Output Ports: VGA: 1, USB: 1, MIC: 2, Card Reader: 1, Mix L/R: 2, Y/Cb/Cr: 3, COAXIAL: 1, VIDEO: 1, S-VIDEO: 1, AUDIO: 6 <br/>\r\nPlay-Back Function: Audio CD: Yes, MP3: Yes, KODAK Picture CD: Yes, JPEG Disc: Yes, DIVX: Yes <br/>\r\nBox Contents: DVD Player: 1, Remote Control: 1 (batteries not included – requires 2 x ‘AAA’ batteries), Audio Cable with Connectors: 3 (Red, White, Yellow), User Manual: 1 <br/>', 'DEN-B DVD Player', '2024-09-09 16:49:01', 300, 350, 1, 1, 'tharinduchanaka6@gmail.com', 1),
	(94, 3000, 10, 'Voltage: 220V-240v 50/60HZ<br/>\r\n2 speed and 2 heat settings <br/>\r\nOverheating protection <br/>\r\nCool shot function <br/>\r\nDetachable air-inlet grill <br/>\r\n2 seperate switches <br/>\r\nHang-up loop <br/>\r\nWith concentrator nozzle <br/>\r\nIonic function <br/>\r\nPower: 1800W <br/>\r\nCord Length :163 cm <br/>\r\nDiameter : 5 cm <br/>\r\n', 'Gemei Hair Dryer 1800W', '2024-09-09 16:59:16', 300, 350, 1, 2, 'tharinduchanaka6@gmail.com', 1),
	(95, 34000, 10, 'Water Resistant, Docking Station, Radio,Volume control, 3D sounds With DSP, Hands-free call function, NFC Enabled, Plug-in, Headphone Jack, Digital Display, Stereo Pairing, Rechargeable, Auxiliary input, Waterproof, Flashlight, Built-in Microphone', 'Wireless BT Speaker KTS-1755', '2024-09-09 17:11:00', 300, 350, 1, 1, 'tharinduchanaka6@gmail.com', 1),
	(96, 10000, 10, 'Bluetooth/USB/SD/AUX/FM <br/>\r\nInclude - Wireless Mic/Remote Control <br/>\r\nWireless Transmission rang: Up to 10meters <br/>\r\nSpeaker drive size: 8 inch x 1 <br/>\r\nOutput power: 20w tweeter P.M.P.O 600W <br/>\r\nFrequency response: 100Hz-20KHz <br/>\r\nSignal to noise Ratio: >=85dB <br/>\r\nBattery Capacity: 2400mAh <br/>\r\nMax memory support (USB/SD CARD): 32GB <br/>\r\nCharging Time: 3-4hours <br/>\r\nFM scan rang: 87.5-108.0MHz <br/>\r\nUSB Charging: DC5V <br/>\r\nPlay time : up to 1-2 hours at 75% volume <br/>', 'Wireless BT Speaker KTS-1279', '2024-09-09 17:27:33', 300, 350, 1, 1, 'tharinduchanaka6@gmail.com', 1),
	(97, 30000, 30, 'Immerse yourself in the big picture <br/>\r\nRefined design with glossy finish <br/>\r\nGive yourself more room to play <br/>', 'Galaxy A04e 3GB RAM 32GB Memory', '2024-09-14 14:38:32', 300, 320, 1, 4, 'tharinduchanaka6@gmail.com', 4),
	(98, 38000, 45, '17.13cm (6.7 inches) Display HD+ <br/>\r\n50 MP Main Camera <br/>\r\nUp to 12GB RAM with RAM Plus <br/>\r\nMediaTek Helio G85 <br/>\r\n5000mAh Battery <br/>', 'Samsung Galaxy A05 6GB RAM 128GB Memory', '2024-09-14 14:51:18', 300, 350, 1, 4, 'tharinduchanaka6@gmail.com', 4),
	(99, 31000, 20, 'Aesthetic and Trendy Design <br/>\r\nHigh Quality Camera <br/>\r\nSmooth and Fast Processor <br/>\r\nFast Charging Battery <br/>\r\n1 Year Company Warranty<br/>', 'SAMSUNG GALAXY A05 4GB RAM 64GB MEMORY', '2024-09-14 19:59:27', 300, 350, 1, 4, 'tharinduchanaka6@gmail.com', 4),
	(100, 38000, 20, '6.7 inches large display. Expand your view. <br/>\r\nMaximize your view with the Galaxy A06 6.7 inches large display. Smooth 60Hz scrolling and the TFT U-Cut Display give you more room to enjoy your content. Experience the upgrade. <br/> <br/>\r\n\r\nSleek design. Slim profile.<br/>\r\nStep up your mobile experience with the sleek Galaxy A06. Now with reduced thickness from 8.8mm to 8.0mm, the Galaxy A06 offers a sleek, sophisticated look in Black, Light Blue, and Light Green. Make a statement with a design that stands out.  <br/><br/>\r\n\r\nCapture life in high definition<br/>\r\nDiscover the power of the Galaxy A06 s 50MP camera. Capture stunning, quality photos with the 2MP depth camera for added dimensions. The 8MP front camera completes your photography needs, ensuring flawless shots. <br/><br/>\r\n\r\nSecure access at your fingertips<br/>\r\nUnlocking is a breeze with the side fingerprint sensor. It offers a reliable single-press verification and allows you to set double-press shortcuts for your camera or other frequently used apps.<br/><br/>\r\n\r\nBuilt to keep your passwords safe <br/>\r\nSamsung Knox Vault is like a safe within a safe, physically isolating PINS, passwords and other private info so hackers can not gain access. <br/><br/>\r\n\r\nGalaxy A06 Power up. Stay connected. <br/>\r\nEnjoy more of what you love without worrying about battery life— A06 goes longer on a single charge with the 5,000mAh (typical) battery. And with 25W Fast Charging, it is back in action quick <br/>', 'Samsung Galaxy A06 4GB RAM 64GB Memory', '2024-09-14 20:09:26', 300, 350, 1, 4, 'tharinduchanaka6@gmail.com', 4),
	(101, 41000, 20, 'The device runs on the Android 14 operating system. The device is powered by Qualcomm SM6225 Snapdragon 680 4G processor while the GPU is Adreno 610. It features Bluetooth 5.3, GPS, GLONASS, GALILEO, BDS and USB Type-C 2.0. <br/> <br/>\r\n\r\nSamsung Galaxy A06 is fueled with a Li-Po 5000 mAh + 25W wired battery. The device features a 6.7 inches PLS LCD that has a 720 x 1600 pixels resolution. The device comes in various colors including Blue, Gold, and White. The device supports single SIM (Nano-SIM) or Dual SIM (Nano-SIM, dual stand-by) and it is built with a glass front, plastic back, and plastic frame. <br/><br/>\r\n\r\nIt features a dual camera setup: 50 MP (wide) + 2 MP (depth) while on the front there is an 8 MP camera. The sensors include side-mounted fingerprint, accelerometer, proximity, and compass', 'Samsung Galaxy A06 6GB RAM 128GB Memory', '2024-09-14 20:12:17', 300, 350, 1, 4, 'tharinduchanaka6@gmail.com', 4),
	(102, 40000, 30, 'Dive into immersiveness <br/>\r\nEnjoy it all in stellar clarity. With the 6.7-inch FHD+ display, your favorite contents and games become immersive with seamless, vivid picture quality. <br/><br/>\r\n\r\nEmbracing the essentials<br/>\r\nA refined build and finish. Available in Light Green, Silver and Black Galaxy A05s brings the style in form factor.<br/><br/>\r\n\r\nCapture more with multiple cameras<br/>\r\nYour moments to savor and share<br/>\r\n\r\nIt is all there. Revisit your landscapes captured with the 50MP Main camera, detailed shots with the 2MP Macro camera, portraits with the 2MP Depth camera for more dimensions, and your favorite selfies with the 13MP Front camera.<br/><br/>\r\n\r\nEquipped for superior performance <br/>\r\nCarry on doing what you love. With a powerful Snapdragon 680 processor, 6GB of memory and 128GB internal storage, Galaxy A05s is equipped with the performance capacity for seamless gaming, viewing, and sharing on social media. <br/><br/>\r\n\r\nPower that keeps you going <br/>\r\nThe 5,000mAh (typical) battery gives you more time to do what you love—streaming, sharing, gaming and more. And with up to 25W of Super-Fast Charging, Galaxy A05s gets back to full power, quickly. <br/><br/>\r\n\r\nSide Fingerprint Sensor<br/>\r\nYour security, double-checked by the side fingerprint sensor accessible only by your fingerprint.', 'Samsung Galaxy A05s 4GB RAM 64GB Memory', '2024-09-14 20:35:07', 300, 350, 1, 4, 'tharinduchanaka6@gmail.com', 4),
	(103, 42000, 20, 'Brand: Samsung <br/>\r\nModel: Galaxy A05s <br/>\r\nEdition: 6GB|128GB|25 <br/>\r\nFeatures: 4G, Dual SIM, Mini SIM, USB Type-C Port, Fast Charging, Android, Expandable Memory, 6 GB RAM, Bluetooth, Wifi, GPS, Fingerprint Sensor', 'SAMSUNG Galaxy A05s 6 GB RAM 128 GB Memory', '2024-09-14 21:13:42', 300, 350, 1, 4, 'tharinduchanaka6@gmail.com', 4),
	(104, 2850, 30, 'The wireless microphone was designed to deliver a high sound quality so everybody can hear your speech clear and concise. The device uses a 2.4gHz signal transmission that ensures a crisp and clear sound, eliminating background noise.This microphone lavalier can be used for a great variety of purposes. It can be used for streaming, vlogging, recording, meetings, or only classes, offering a professional ambient to deliver your speech. <br/> <br/>\r\nThe wireless mic offers professional full band audio 44.1-48kHz stereo CD quality, more than 6 times the frequency of conventional mono microphones. Real-Time Auto-Sync Technology, reduce the video post-editing. Support Multi-Channel Real-Time Mixing, it can synchronize the background music for phone and human voice in real time. <br/> <br/>\r\nUsing real-time auto-sync technology, which extremely reduce the video post-editing. Support Multi-Channel Real-Time Mixing, it can synchronize the background music for phone and human voice in real time\r\n', 'Wireless Collar Microphone K35', '2024-09-14 21:28:11', 300, 350, 1, 1, 'tharinduchanaka6@gmail.com', 1),
	(105, 175000, 1, 'The VT02 Visual IR Thermometer combines the convenience of a spot thermometer with the visual advantage of a thermal imager creating a brand new tool category - a troubleshooting camera with infrared heat map. <br/>\r\nUsing hyper-thin pyroelectric technology, Fluke discovered a way to push the limits of this technology pioneering an array dense enough to create an infrared heat map. The VT02 Visual IR Thermometer is a great in-between tool for those times when a single spot temperature reading isn t enough and a high-resolution thermal image is more than you need, or can afford. <br/>\r\nNow you can detect and capture issues instantaneously with digital and thermal blended images, pinpoint hot and cold spots with temperature markers, and document problems efficiently with SmartView professional reporting software! <br/><br/>', 'Fluke VT02 Visual IR Thermometer', '2024-09-18 19:41:58', 300, 350, 1, 1, 'tharinduchanaka6@gmail.com', 1),
	(106, 61000, 20, 'Awesome belongs to anyone with the new Samsung Galaxy A15 5G. Built with all the essential features, Galaxy A15 5G makes it easier to embrace cutting edge innovation while providing unmatched value. Immerse yourself in your favorite content, showcased in crisp clarity on a bright display. Capture and cherish precious moments spent with friends and family using a triple lens camera system, and never worry about running out of space with expandable storage. Power through your day with a reliable battery that charges at lightning speed with Super Fast Charging. Plus, with multilayered Knox Security, you can trust that your A15 5G keeps your personal data safe and secure. Experience the awesomeness in every day with Galaxy A15 5G where innovation meets accessibility.', 'Samsung Galaxy A15 5G 8GB RAM 256GB Memory', '2024-09-18 19:53:50', 300, 350, 1, 4, 'tharinduchanaka6@gmail.com', 4),
	(107, 49000, 20, 'Samsung Galaxy A15 4G <br/>\r\n128gb Storage <br/>\r\nUnlocked To any Network <br/>\r\nWhite & Black colours Available <br/>\r\n1 Year Warranty <br/>\r\nBrand New in Box <br/>\r\nDiscover the Samsung A15 – a powerhouse with a stunning 50MP camera, vibrant 6.5 inches AMOLED display, and blazing performance. Upgrade now! ', 'Samsung Galaxy A15 4G 6GB RAM 128GB Memory', '2024-09-18 20:06:43', 300, 350, 1, 4, 'tharinduchanaka6@gmail.com', 4),
	(108, 30000, 20, 'Display: 6.71 inches Dot Drop Display <br/>\r\nResolution: 720 x 1650 <br/>\r\nRefresh Rate: Up to 90Hz <br/>\r\nProcessor: Mediatek Helio G36 <br/>\r\nOperating System: Android 14 (Go edition), MIUI <br/>\r\nRear Camera: 8MP + 0.08MP (auxiliary lens) <br/>\r\nFront Camera: 5MP front camera <br/>\r\nSecurity: Side fingerprint sensor, AI Face Unlock <br/>\r\nBattery: 5000mAh (typ) <br/>\r\nCharging: 10W fast charging, USB Type-C <br/>', 'XIAOMI Redmi A3 3GB RAM 64GB Memory', '2024-09-18 20:45:55', 300, 350, 1, 4, 'tharinduchanaka6@gmail.com', 4),
	(109, 33000, 30, '4G, Dual SIM, Mini SIM, USB Type-C Port, Fast Charging, Android, Expandable Memory, 4 GB RAM, Dual Camera, Bluetooth, Wifi, GPS, Fingerprint Sensor & 1 year warranty <br/>\r\nTechnology - GSM / HSPA / LTE <br/>\r\nDisplay - 6.71 inches, 106.5 cm2  <br/>\r\nMemory - 4GB/128GB <br/>\r\nMain Camera - 8 MP <br/>\r\nSelfie Camera - 5MP <br/>\r\nBattery Type - 5000m Ah Non-Removable', 'Xiaomi A3 4GB RAM 128GB Memory', '2024-09-18 21:07:39', 300, 350, 1, 4, 'tharinduchanaka6@gmail.com', 4),
	(110, 35000, 20, '4 GB RAM | 128 GB ROM <br/>\r\n17.12 cm (6.74 inch) Display <br/>\r\n50MP Rear Camera <br/>\r\n5000 mAh Battery  <br/>\r\n1 Year warranty <br/> ', 'Xiaomi Redmi 13C 4GB RAM 128GB Memory', '2024-09-18 21:18:45', 300, 350, 1, 4, 'tharinduchanaka6@gmail.com', 4),
	(111, 39500, 20, '4G, Dual SIM, Micro SIM, USB Type-C Port, Fast Charging, Android, 6 GB RAM, Dual Camera, Bluetooth, Wifi, GPS, Fingerprint Sensor <br/>\r\n\r\n<b>Description</b>\r\n(new arrivals) <br/>\r\nModel:- Redmi 13C  <br/>\r\nStorage:- 6GB 128GB  <br/>\r\nColor:- Midnight Black, Navy Blue, Glacier White <br/>\r\nNo Any Country Lock <br/>\r\niPhone To Android Exchange Possible <br/>\r\nTRCSL Approved  <br/>\r\nOne Year Software and Hardware Warranty  <br/>', 'REDMI 13c 5G 6GB RAM 128GB Memory', '2024-09-18 22:00:03', 300, 350, 1, 4, 'tharinduchanaka6@gmail.com', 4);

-- Dumping structure for table chanaka80_ceonline.profile_image
CREATE TABLE IF NOT EXISTS `profile_image` (
  `path` varchar(50) NOT NULL,
  `user_email` varchar(100) NOT NULL,
  PRIMARY KEY (`path`),
  KEY `fk_profile_image_user1_idx` (`user_email`),
  CONSTRAINT `fk_profile_image_user1` FOREIGN KEY (`user_email`) REFERENCES `user` (`email`)
) ENGINE=InnoDB DEFAULT CHARSET=utf8mb3;

-- Dumping data for table chanaka80_ceonline.profile_image: ~4 rows (approximately)
REPLACE INTO `profile_image` (`path`, `user_email`) VALUES
	('resources/proimg/Dhanushka_667433e3b3dc1.jpeg', 'dhanushkalakmal@gmail.com'),
	('resources/proimg/Gemy_6679a7890d767.jpeg', 'gemhush@gmail.com'),
	('resources/proimg/Kasuni_667430f6ee5e9.jpeg', 'kasunijayamali.kj@gmail.com'),
	('resources/proimg/Sadeesha_6674329b1632f.jpeg', 'sadeeshanilakshi25@gmail.com'),
	('resources/proimg/Maleesha_66743613bf5dd.jpeg', 'shehanjsmmaleesha@gmail.com'),
	('resources/proimg/Tharindu_667432c9c038b.jpeg', 'tharinduchanaka6@gmail.com');

-- Dumping structure for table chanaka80_ceonline.province
CREATE TABLE IF NOT EXISTS `province` (
  `id` int NOT NULL AUTO_INCREMENT,
  `province_name` varchar(45) NOT NULL,
  PRIMARY KEY (`id`)
) ENGINE=InnoDB AUTO_INCREMENT=10 DEFAULT CHARSET=utf8mb3;

-- Dumping data for table chanaka80_ceonline.province: ~8 rows (approximately)
REPLACE INTO `province` (`id`, `province_name`) VALUES
	(1, 'Uva'),
	(2, 'Western'),
	(3, 'Northern'),
	(4, 'Southern'),
	(5, 'North Central'),
	(6, 'North West'),
	(7, 'Eastern'),
	(8, 'Sabaragamuwa'),
	(9, 'Central');

-- Dumping structure for table chanaka80_ceonline.recent
CREATE TABLE IF NOT EXISTS `recent` (
  `id` int NOT NULL AUTO_INCREMENT,
  `product_id` int NOT NULL,
  `user_email` varchar(100) NOT NULL,
  `recent_status` int NOT NULL,
  `removed` datetime NOT NULL,
  PRIMARY KEY (`id`),
  KEY `fk_recent_product1_idx` (`product_id`),
  KEY `fk_recent_user1_idx` (`user_email`),
  CONSTRAINT `fk_recent_product1` FOREIGN KEY (`product_id`) REFERENCES `product` (`id`),
  CONSTRAINT `fk_recent_user1` FOREIGN KEY (`user_email`) REFERENCES `user` (`email`)
) ENGINE=InnoDB AUTO_INCREMENT=28 DEFAULT CHARSET=utf8mb3;

-- Dumping data for table chanaka80_ceonline.recent: ~0 rows (approximately)

-- Dumping structure for table chanaka80_ceonline.status
CREATE TABLE IF NOT EXISTS `status` (
  `s_id` int NOT NULL AUTO_INCREMENT,
  `s_name` varchar(15) CHARACTER SET utf8mb3 COLLATE utf8mb3_general_ci NOT NULL,
  PRIMARY KEY (`s_id`) USING BTREE
) ENGINE=InnoDB AUTO_INCREMENT=3 DEFAULT CHARSET=utf8mb3;

-- Dumping data for table chanaka80_ceonline.status: ~2 rows (approximately)
REPLACE INTO `status` (`s_id`, `s_name`) VALUES
	(1, 'Active'),
	(2, 'Deactivate');

-- Dumping structure for table chanaka80_ceonline.supplier
CREATE TABLE IF NOT EXISTS `supplier` (
  `id` int NOT NULL AUTO_INCREMENT,
  `name` varchar(60) NOT NULL,
  PRIMARY KEY (`id`)
) ENGINE=InnoDB AUTO_INCREMENT=5 DEFAULT CHARSET=utf8mb3;

-- Dumping data for table chanaka80_ceonline.supplier: ~2 rows (approximately)
REPLACE INTO `supplier` (`id`, `name`) VALUES
	(1, 'Super Light Electronics'),
	(2, 'TV Center'),
	(3, 'Dissanayaka Electronics'),
	(4, 'Alpex Mobile');

-- Dumping structure for table chanaka80_ceonline.user
CREATE TABLE IF NOT EXISTS `user` (
  `email` varchar(100) NOT NULL,
  `fname` varchar(45) NOT NULL,
  `lname` varchar(45) NOT NULL,
  `password` varchar(25) NOT NULL,
  `mobile` varchar(10) NOT NULL,
  `join_date` date NOT NULL,
  `verification_code` varchar(25) DEFAULT NULL,
  `status` int NOT NULL,
  `gender_id` int NOT NULL,
  PRIMARY KEY (`email`),
  KEY `fk_user_gender_idx` (`gender_id`),
  CONSTRAINT `fk_user_gender` FOREIGN KEY (`gender_id`) REFERENCES `gender` (`id`)
) ENGINE=InnoDB DEFAULT CHARSET=utf8mb3;

-- Dumping data for table chanaka80_ceonline.user: ~7 rows (approximately)
REPLACE INTO `user` (`email`, `fname`, `lname`, `password`, `mobile`, `join_date`, `verification_code`, `status`, `gender_id`) VALUES
	('dhanushkalakmal@gmail.com', 'Dhanushka', 'Lakmal', 'WMDLkmal67@56', '0753795742', '2024-06-20', NULL, 1, 1),
	('emtylee@gmail.com', 'Eminem', 'Tyler', 'emtyLEE#890', '0781441090', '2024-06-25', NULL, 1, 1),
	('gemhush@gmail.com', 'Gemy', 'Hustler', 'genHish%#889', '0751561764', '2024-06-24', NULL, 1, 1),
	('kasunijayamali.kj@gmail.com', 'Kasuni', 'Jayamali', 'kasuniJayaMali789', '0715555909', '2024-06-20', '66766875c3af7', 1, 2),
	('sadeeshanilakshi25@gmail.com', 'Sadeesha', 'Nilakshini', 'Sadee#0325', '0743528374', '2024-04-03', NULL, 1, 2),
	('shehanjsmmaleesha@gmail.com', 'Maleesha', 'Shehan', 'SJMaleesha456@', '0704832705', '2024-06-20', NULL, 1, 1),
	('tharinduchanaka6@gmail.com', 'Tharindu', 'Chanaka', 'TharinduCHA@8754', '0751441764', '2024-03-29', '667e5f3b640d6', 1, 1);

-- Dumping structure for table chanaka80_ceonline.user_has_address
CREATE TABLE IF NOT EXISTS `user_has_address` (
  `id` int NOT NULL AUTO_INCREMENT,
  `line1` text NOT NULL,
  `line2` text NOT NULL,
  `postal_code` varchar(10) NOT NULL,
  `user_email` varchar(100) NOT NULL,
  `city_id` int NOT NULL,
  PRIMARY KEY (`id`),
  KEY `fk_user_has_address_user1_idx` (`user_email`),
  KEY `fk_user_has_address_city1_idx` (`city_id`),
  CONSTRAINT `fk_user_has_address_city1` FOREIGN KEY (`city_id`) REFERENCES `city` (`id`),
  CONSTRAINT `fk_user_has_address_user1` FOREIGN KEY (`user_email`) REFERENCES `user` (`email`)
) ENGINE=InnoDB AUTO_INCREMENT=7 DEFAULT CHARSET=utf8mb3;

-- Dumping data for table chanaka80_ceonline.user_has_address: ~6 rows (approximately)
REPLACE INTO `user_has_address` (`id`, `line1`, `line2`, `postal_code`, `user_email`, `city_id`) VALUES
	(1, '291/1', 'Uduhulpotha', '90100', 'tharinduchanaka6@gmail.com', 1),
	(2, 'No.303/2', 'Bogahamadiththa', '90060', 'sadeeshanilakshi25@gmail.com', 4),
	(3, 'Jayamali Niwasa, Pussala', 'B/Kalupahana', '90060', 'kasunijayamali.kj@gmail.com', 12),
	(4, 'Vasipana', 'Badalkumbura', '90550', 'dhanushkalakmal@gmail.com', 1),
	(5, 'Jayasri, Helakirindha', 'Guruthalawa', '90100', 'shehanjsmmaleesha@gmail.com', 5),
	(6, 'No, 123 B', 'High Level Road', '11222', 'gemhush@gmail.com', 7);

-- Dumping structure for table chanaka80_ceonline.wishlist
CREATE TABLE IF NOT EXISTS `wishlist` (
  `id` int NOT NULL AUTO_INCREMENT,
  `product_id` int NOT NULL,
  `user_email` varchar(100) NOT NULL,
  PRIMARY KEY (`id`),
  KEY `fk_wishlist_product1_idx` (`product_id`),
  KEY `fk_wishlist_user1_idx` (`user_email`),
  CONSTRAINT `fk_wishlist_product1` FOREIGN KEY (`product_id`) REFERENCES `product` (`id`),
  CONSTRAINT `fk_wishlist_user1` FOREIGN KEY (`user_email`) REFERENCES `user` (`email`)
) ENGINE=InnoDB AUTO_INCREMENT=38 DEFAULT CHARSET=utf8mb3;

-- Dumping data for table chanaka80_ceonline.wishlist: ~0 rows (approximately)

/*!40103 SET TIME_ZONE=IFNULL(@OLD_TIME_ZONE, 'system') */;
/*!40101 SET SQL_MODE=IFNULL(@OLD_SQL_MODE, '') */;
/*!40014 SET FOREIGN_KEY_CHECKS=IFNULL(@OLD_FOREIGN_KEY_CHECKS, 1) */;
/*!40101 SET CHARACTER_SET_CLIENT=@OLD_CHARACTER_SET_CLIENT */;
/*!40111 SET SQL_NOTES=IFNULL(@OLD_SQL_NOTES, 1) */;
